"title","brand","category","price","image_url","product_url","description","sku","size","color"
"Speedcat Ballet","","","En rupture de stock","//www.asphaltgold.com/cdn/shop/files/8HDtXy0DvEUrjQE4n9LR-406758-01-Puma-Speedcat-Ballet-SD-Cafe-Prairie-Tan-Warm-White-os-1.jpg?crop=center&height=768&v=1758285863&width=768","https://www.asphaltgold.com/fr/collections/y2k-sneaker","","","",""
"Suede Vamp Skate Sneaker","","","En rupture de stock","//www.asphaltgold.com/cdn/shop/files/TR6fLafzL5A9snI36oBN-ERL11SH02-1-ERL-Suede-Vamp-Skate-Sneaker-Mud-os-1.jpg?crop=center&height=768&v=1758199816&width=768","https://www.asphaltgold.com/fr/collections/y2k-sneaker","","","",""
"Corduroy Vamp Skate Sneaker","","","En rupture de stock","//www.asphaltgold.com/cdn/shop/files/ue6y8qRo1irjdDLY6bI5-ERL11SH01-1-Salomon-Corduroy-Vamp-Skate-Sneaker-Pirate-Black-os-1.jpg?crop=center&height=768&v=1758202939&width=768","https://www.asphaltgold.com/fr/collections/y2k-sneaker","","","",""
"Speedcat Elevated","","","En rupture de stock","//www.asphaltgold.com/cdn/shop/files/4BDx512ZPVEw7ceA8yBX-403619-01-Puma-Speedcat-Elevated-Wmns-Warm-White-Ice-Coffee-os-1.jpg?crop=center&height=768&v=1758116412&width=768","https://www.asphaltgold.com/fr/collections/y2k-sneaker","","","",""
"Speedcat Metallic","","","En rupture de stock","//www.asphaltgold.com/cdn/shop/files/9bOXE14wTCIHXKJkNeyt-403689-02-Puma-Speedcat-Metallic-Puma-Black-Warm-White-os-1.jpg?crop=center&height=768&v=1758116449&width=768","https://www.asphaltgold.com/fr/collections/y2k-sneaker","","","",""
"Speedcat Metallic","","","En rupture de stock","//www.asphaltgold.com/cdn/shop/files/pzmoEENJ4M03md5epX6r-403689-01-Puma-Speedcat-Metallic-Puma-Silver-Puma-Black-os-1.jpg?crop=center&height=768&v=1758116426&width=768","https://www.asphaltgold.com/fr/collections/y2k-sneaker","","","",""
"Mostro XC GTX","","","En rupture de stock","//www.asphaltgold.com/cdn/shop/files/qYorkj4hugmDn6eqOyTe-402957-01-Puma-Mostro-XC-GTX-Puma-Black-Midnigth-Plum-os-1.jpg?crop=center&height=768&v=1758026897&width=768","https://www.asphaltgold.com/fr/collections/y2k-sneaker","","","",""
"Air Pegasus 2005","","","En rupture de stock","//www.asphaltgold.com/cdn/shop/files/jGOPAj06lHOOnPEYX8Bs-IB2982-001-Nike-Air-Pegasus-2005-SE-Seafoam-Fauna-Brown-Pale-Ivory-os-1.jpg?crop=center&height=768&v=1758033328&width=768","https://www.asphaltgold.com/fr/collections/y2k-sneaker","","","",""
"Speedcat Ballet","","","En rupture de stock","//www.asphaltgold.com/cdn/shop/files/CFRsI8oc3aqSJHeJR35A-404395-01-Puma-x-ROS_C3_89-Speedcat-Ballet-SD-Warm-White-Puma-Black-Frosty-Pink-os-1.jpg?crop=center&height=768&v=1756995025&width=768","https://www.asphaltgold.com/fr/collections/y2k-sneaker","","","",""
"V-S1","","","En rupture de stock","//www.asphaltgold.com/cdn/shop/files/xcCt2lWK7KK0rwn36Ttx-403848-01-Puma-x-Kidsuper-V-S1-Archive-Green-Puma-White-os-1.jpg?crop=center&height=768&v=1756993610&width=768","https://www.asphaltgold.com/fr/collections/y2k-sneaker","","","",""
"Speedcat Premium","","","En rupture de stock","//www.asphaltgold.com/cdn/shop/files/XtZIjJHBVvluXNim8mOQ-403902-02-Puma-Speedcat-Premium-Cool-Light-Gray-Matte-Silver-os-1.jpg?crop=center&height=768&v=1756995858&width=768","https://www.asphaltgold.com/fr/collections/y2k-sneaker","","","",""
"Speedcat Go","","","En rupture de stock","//www.asphaltgold.com/cdn/shop/files/pZ5PEWtXpAut7WBOn4Fw-403589-08-Puma-Speedcat-Go-Wmns-Chocolate-Alpine-Snow-os-1.jpg?crop=center&height=768&v=1756993623&width=768","https://www.asphaltgold.com/fr/collections/y2k-sneaker","","","",""
"Speedcat PRM","","","En rupture de stock","//www.asphaltgold.com/cdn/shop/files/xHp6zMn1dYzFkM6Pn1r2-404391-01-Puma-x-ROS_C3_89-Speedcat-Lea-Puma-Black-Warm-White-os-1.jpg?crop=center&height=768&v=1756989074&width=768","https://www.asphaltgold.com/fr/collections/y2k-sneaker","","","",""
"Speedcat Lea","","","En rupture de stock","//www.asphaltgold.com/cdn/shop/files/pkIFRZdnnvesGf79fDEg-404390-01-Puma-x-ROS_C3_89-Speedcat-Lea-Warm-White-Puma-Black-os-1.jpg?crop=center&height=768&v=1756989062&width=768","https://www.asphaltgold.com/fr/collections/y2k-sneaker","","","",""
"Mostro Unlined","","","En rupture de stock","//www.asphaltgold.com/cdn/shop/files/3SVRNSWVl90Ou1GvQsGs-403174-02-Puma-Mostro-Unlined-Glacial-Gray-Feather-Gray-os-1.jpg?crop=center&height=768&v=1756989050&width=768","https://www.asphaltgold.com/fr/collections/y2k-sneaker","","","",""
"Mostro Unlined","","","En rupture de stock","//www.asphaltgold.com/cdn/shop/files/OPKcaEKE2s7Mziz634Vy-403174-01-Puma-Mostro-Unlined-Caramel-Latte-os-1.jpg?crop=center&height=768&v=1756995054&width=768","https://www.asphaltgold.com/fr/collections/y2k-sneaker","","","",""
"Speedcat Premium","","","En rupture de stock","//www.asphaltgold.com/cdn/shop/files/VRcdIleKGY8onUmN22Ts-403809-01-Puma-Speedcat-Seoul-Silver-Mist-Haute-Tropic-os-1.jpg?crop=center&height=768&v=1756905852&width=768","https://www.asphaltgold.com/fr/collections/y2k-sneaker","","","",""
"Sprint","","","En rupture de stock","//www.asphaltgold.com/cdn/shop/files/GfVjfyiizggCREGLyO5O-403631-02-Puma-Sprint-Metallic-Puma-Silver-Puma-Black-os-1.jpg?crop=center&height=768&v=1756474493&width=768","https://www.asphaltgold.com/fr/collections/y2k-sneaker","","","",""
"T90","","","En rupture de stock","//www.asphaltgold.com/cdn/shop/files/ZAisBCbL90BDmyf4rEHg-IH4964-663-Nike-Total-90-Pink-Foam-Black-Gum-Light-Brown-White-os-1.jpg?crop=center&height=768&v=1756906034&width=768","https://www.asphaltgold.com/fr/collections/y2k-sneaker","","","",""
"Superstar II W","","","En rupture de stock","//www.asphaltgold.com/cdn/shop/files/g6045bfYJ70zyLh6USVz-JS4010-Adidas-Superstar-II-W-Footwear-White-Core-Black-Gold-Metallic-os-1.jpg?crop=center&height=768&v=1756821771&width=768","https://www.asphaltgold.com/fr/collections/y2k-sneaker","","","",""
"1000","","","En rupture de stock","//www.asphaltgold.com/cdn/shop/files/lMPpJrlJQkRyRb0acIZm-M1000U-New-Balance-M1000U-Pink-Taffy-Silver-Metallic-Urgent-Red-os-1.jpg?crop=center&height=768&v=1756304291&width=768","https://www.asphaltgold.com/fr/collections/y2k-sneaker","","","",""
"Speedcat Premium","","","En rupture de stock","//www.asphaltgold.com/cdn/shop/files/d9fneImiO9lbLv365KyB-403902-04-Puma-Speedcat-Premium-Dark-Olive-Matte-Silver-os-1.jpg?crop=center&height=768&v=1756130031&width=768","https://www.asphaltgold.com/fr/collections/y2k-sneaker","","","",""
"Mostro Fey","","","En rupture de stock","//www.asphaltgold.com/cdn/shop/files/qVDN8u6u2l0TvUzJ5eTk-403192-02-Puma-Mostro-Fey-Studs-Dark-Jasper-Puma-Black-os-1.jpg?crop=center&height=768&v=1755868156&width=768","https://www.asphaltgold.com/fr/collections/y2k-sneaker","","","",""
"Mostro Fey","","","En rupture de stock","//www.asphaltgold.com/cdn/shop/files/XTeA1hCoew6p5s1aqF3I-403192-01-Puma-Mostro-Fey-Studs-Puma-Black-Puma-Silver-os-1.jpg?crop=center&height=768&v=1755868167&width=768","https://www.asphaltgold.com/fr/collections/y2k-sneaker","","","",""
"Speedcat OG","","","En rupture de stock","//www.asphaltgold.com/cdn/shop/files/i64Et0IwEumTI6c3P7Aw-403688-01-Puma-Speedcat-Faded-Haute-Tropic-Alpine-Snow-os-1.jpg?crop=center&height=768&v=1755868093&width=768","https://www.asphaltgold.com/fr/collections/y2k-sneaker","","","",""
"V-S2","","","En rupture de stock","//www.asphaltgold.com/cdn/shop/files/44q6Pi1OeANvrhWxnPR9-404356-01-Puma-V-S2-Spectrum-Puma-Black-iridescent-Red-os-1.jpg?crop=center&height=768&v=1755868181&width=768","https://www.asphaltgold.com/fr/collections/y2k-sneaker","","","",""
"Speedcat OG","","","En rupture de stock","//www.asphaltgold.com/cdn/shop/files/UaOWYhsCo3wNMIdg4EgO-406329-55-Puma-Speedcat-Sunny-Yellow-Puma-Black-os-1.jpg?crop=center&height=768&v=1755868072&width=768","https://www.asphaltgold.com/fr/collections/y2k-sneaker","","","",""
"1000","","","En rupture de stock","//www.asphaltgold.com/cdn/shop/files/qY6CJLyxD2b9SSxOjKch-M1000T-New-Balance-M1000T-Black-Dark-Silver-Metallic-Lime-Leaf-os-1.jpg?crop=center&height=768&v=1756302670&width=768","https://www.asphaltgold.com/fr/collections/y2k-sneaker","","","",""
"1000","","","En rupture de stock","//www.asphaltgold.com/cdn/shop/files/mF0peqD8NYRijScqM8e9-M1000S-New-Balance-M1000S-Deep-Ocean-Dark-Silver-Metallic-Mint-Flash-os-1.jpg?crop=center&height=768&v=1756302655&width=768","https://www.asphaltgold.com/fr/collections/y2k-sneaker","","","",""
"Speedcat Wine Club","","","En rupture de stock","//www.asphaltgold.com/cdn/shop/files/fKm7OXXWZ9NdE4Ycxdsr-402562-02-Puma-Speedcat-Wine-Club-Berry-Alpine-Snow-os-1.jpg?crop=center&height=768&v=1755695030&width=768","https://www.asphaltgold.com/fr/collections/y2k-sneaker","","","",""
"Speedcat Wine Club","","","En rupture de stock","//www.asphaltgold.com/cdn/shop/files/c2zzENcIz3DVrqFNyt4o-402562-01-Puma-Speedcat-Wine-Club-Chocolate-Jasmine-Flower-os-1.jpg?crop=center&height=768&v=1755695115&width=768","https://www.asphaltgold.com/fr/collections/y2k-sneaker","","","",""
"Mostro Jelly","","","En rupture de stock","//www.asphaltgold.com/cdn/shop/files/2zm9vTHUnotUMCUaRGaF-401667-02-Puma-Mostro-Jelly-Lemon-Sherbert-Puma-White-os-1.jpg?crop=center&height=768&v=1755694990&width=768","https://www.asphaltgold.com/fr/collections/y2k-sneaker","","","",""
"Mostro Jelly","","","En rupture de stock","//www.asphaltgold.com/cdn/shop/files/SupW5EDJ63GTmwOWvFNl-401667-01-Puma-Mostro-Jelly-Peacful-Blue-Puma-White-os-1.jpg?crop=center&height=768&v=1755695007&width=768","https://www.asphaltgold.com/fr/collections/y2k-sneaker","","","",""
"Speedcat Ballet","","","En rupture de stock","//www.asphaltgold.com/cdn/shop/files/grRUykqBi79vKnuiASLK-404383-01-Puma-Speedcat-Ballet-Satin-Puma-Black-Cool-Dark-Gray-os-1.jpg?crop=center&height=768&v=1755693972&width=768","https://www.asphaltgold.com/fr/collections/y2k-sneaker","","","",""
"V-S2","","","En rupture de stock","//www.asphaltgold.com/cdn/shop/files/nHmmqDmrHESpjgI0m0EE-404356-02-Puma-V-S2-Spectrum-Puma-Black-iridescent-Green-os-1.jpg?crop=center&height=768&v=1755526200&width=768","https://www.asphaltgold.com/fr/collections/y2k-sneaker","","","",""
"Predator Megaride","","","En rupture de stock","//www.asphaltgold.com/cdn/shop/files/va0FaRuVSDdgCqdReNXv-JS1555-Adidas-Predator-Megaride-Grey-Two-Grey-Four-Silver-Metallic-os-1.jpg?crop=center&height=768&v=1755251882&width=768","https://www.asphaltgold.com/fr/collections/y2k-sneaker","","","",""
"Speedcat Premium","","","En rupture de stock","//www.asphaltgold.com/cdn/shop/files/qAJMRaIVUpikDTgo2fuy-403902-07-Puma-Speedcat-Premium-Sea-Glass-Matte-Silver-os-1.jpg?crop=center&height=768&v=1755250811&width=768","https://www.asphaltgold.com/fr/collections/y2k-sneaker","","","",""
"Superstar II W","","","En rupture de stock","//www.asphaltgold.com/cdn/shop/files/aEU3tVsDJxzrJrkqvOGd-JQ6473-Adidas-Superstar-II-W-Off-White-Off-White-Core-Black-os-1.jpg?crop=center&height=768&v=1755079777&width=768","https://www.asphaltgold.com/fr/collections/y2k-sneaker","","","",""
"Superstar II W","","","En rupture de stock","//www.asphaltgold.com/cdn/shop/files/jZsKN08u62ovl2UBOwyr-HQ4913-Adidas-Superstar-II-W-Maroon-Off-White-Off-White-os-1.jpg?crop=center&height=768&v=1754316597&width=768","https://www.asphaltgold.com/fr/collections/y2k-sneaker","","","",""
"Superstar II W","","","En rupture de stock","//www.asphaltgold.com/cdn/shop/files/v8wg0x287mesLiMP4Hlg-HQ2691-Adidas-Superstar-II-W-Aluminium-Core-Black-Gum-3-os-1.jpg?crop=center&height=768&v=1754055352&width=768","https://www.asphaltgold.com/fr/collections/y2k-sneaker","","","",""
"Campus 00s","","","En rupture de stock","//www.asphaltgold.com/cdn/shop/files/mEDj7EaURLT7vXFQRZbk-JS3786-Adidas-Campus-00s-Aluminium-Off-White-Collegiate-Green-os-1.jpg?crop=center&height=768&v=1754920127&width=768","https://www.asphaltgold.com/fr/collections/y2k-sneaker","","","",""
"Campus 00s W","","","En rupture de stock","//www.asphaltgold.com/cdn/shop/files/jwYLCgJH7MnPKergb9iG-JQ5803-Adidas-Campus-00s-W-Wonder-White-Wonder-Beige-Chalk-White-os-1.jpg?crop=center&height=768&v=1754922053&width=768","https://www.asphaltgold.com/fr/collections/y2k-sneaker","","","",""
"T90","","","En rupture de stock","//www.asphaltgold.com/cdn/shop/files/X0RorfdFqoPzXlUpIqzr-IH2090-200-Nike-Total-90-PRM-Pearl-White-Shadow-Brown-Peal-White-os-1.jpg?crop=center&height=768&v=1753942338&width=768","https://www.asphaltgold.com/fr/collections/y2k-sneaker","","","",""
"Suede Moccasin","","","En rupture de stock","//www.asphaltgold.com/cdn/shop/files/PeIyW0DMhQxeQOGzJdpe-401035-01-Puma-Suede-Moccasin-Brandy-Chocotart-os-1.jpg?crop=center&height=768&v=1753348720&width=768","https://www.asphaltgold.com/fr/collections/y2k-sneaker","","","",""
"Speedcat Ballet","","","En rupture de stock","//www.asphaltgold.com/cdn/shop/files/dr9lPJEiOevEFxl9bJym-404383-03-New-Balance-Speedcat-Ballet-Satin-Silver-Mist-Warm-White-os-1.jpg?crop=center&height=768&v=1753348736&width=768","https://www.asphaltgold.com/fr/collections/y2k-sneaker","","","",""
"Speedcat Ballet","","","En rupture de stock","//www.asphaltgold.com/cdn/shop/files/dyCLYVkRqddMieqnx99W-401287-07-Puma-Speedcat-Ballet-SD-For-All-Time-Red-Puma-White-Puma-Black-os-1.jpg?crop=center&height=768&v=1753191437&width=768","https://www.asphaltgold.com/fr/collections/y2k-sneaker","","","",""
"Stan Smith Lo Pro Ballet W","","","En rupture de stock","//www.asphaltgold.com/cdn/shop/files/6WrxcqBSSd4Tfgptv9Kw-JQ6939-Adidas-Stan-Smith-Lo-Pro-Ballet-W-Core-Black-Core-Black-Core-Black-os-1.jpg?crop=center&height=768&v=1753191588&width=768","https://www.asphaltgold.com/fr/collections/y2k-sneaker","","","",""
"Campus 00s Beta","","","En rupture de stock","//www.asphaltgold.com/cdn/shop/files/5dJj9IAfJ0eduGmPpUlc-JS3790-Adidas-Campus-00s-Beta-Core-Black-Core-Black-Grey-Six-os-1.jpg?crop=center&height=768&v=1752845012&width=768","https://www.asphaltgold.com/fr/collections/y2k-sneaker","","","",""
"Mostro Fey","","","En rupture de stock","//www.asphaltgold.com/cdn/shop/files/FUNModl5W4sotTzlCD7H-403191-02-Puma-Mostro-Fey-Leather-Puma-White-os-1.jpg?crop=center&height=768&v=1753191455&width=768","https://www.asphaltgold.com/fr/collections/y2k-sneaker","","","",""
"Mostro Fey","","","En rupture de stock","//www.asphaltgold.com/cdn/shop/files/TPIaR5TK2Ml9m5qgauG8-403191-01-Puma-Mostro-Fey-Leather-Puma-Black-os-1.jpg?crop=center&height=768&v=1753191448&width=768","https://www.asphaltgold.com/fr/collections/y2k-sneaker","","","",""
"Speedcat OG","","","En rupture de stock","//www.asphaltgold.com/cdn/shop/files/QjuE7vCRq4UZxPDbkDvx-403356-01-Puma-Speedcat-Zebra-Warm-White-Puma-Black-os-1.jpg?crop=center&height=768&v=1753191469&width=768","https://www.asphaltgold.com/fr/collections/y2k-sneaker","","","",""
"1000","","","En rupture de stock","//www.asphaltgold.com/cdn/shop/files/7azdqAb3qWJKf6il4Dvt-M1000F-New-Balance-M1000F-Black-Metallic-os-1.jpg?crop=center&height=768&v=1753094300&width=768","https://www.asphaltgold.com/fr/collections/y2k-sneaker","","","",""
"T90","","","En rupture de stock","//www.asphaltgold.com/cdn/shop/files/NcOUO4Yvf5f3ogaquUIR-HQ2851-100-Nike-Total-90-White-Black-Gym-Red-os-1.jpg?crop=center&height=768&v=1753107084&width=768","https://www.asphaltgold.com/fr/collections/y2k-sneaker","","","",""
"T90","","","En rupture de stock","//www.asphaltgold.com/cdn/shop/files/JNVAnIzHqI66PEkRN2Ql-IH2090-300-Nike-Total-90-PRM-Fir-Sail-Fir-Gum-Medium-Brown-os-1.jpg?crop=center&height=768&v=1753448761&width=768","https://www.asphaltgold.com/fr/collections/y2k-sneaker","","","",""
"Campus 00s W","","","En rupture de stock","//www.asphaltgold.com/cdn/shop/files/XoWm7FohEtSRw6mB97bJ-JP6193-Adidas-Campus-00s-W-Wonder-Quarz-Chalk-White-Gum-3-os-1.jpg?crop=center&height=768&v=1752759898&width=768","https://www.asphaltgold.com/fr/collections/y2k-sneaker","","","",""
"V-S1","","","En rupture de stock","//www.asphaltgold.com/cdn/shop/files/zT2rHaMQwhJ5JWuCwUgT-402951-08-Puma-V-S1-Puma-Black-os-1.jpg?crop=center&height=768&v=1752675150&width=768","https://www.asphaltgold.com/fr/collections/y2k-sneaker","","","",""
"V-S1","","","En rupture de stock","//www.asphaltgold.com/cdn/shop/files/K0K8RWDe8xj9gngqZ8a4-402951-07-Puma-V-S1-Puma-White-os-1.jpg?crop=center&height=768&v=1752675136&width=768","https://www.asphaltgold.com/fr/collections/y2k-sneaker","","","",""
"V-S1","","","En rupture de stock","//www.asphaltgold.com/cdn/shop/files/oCksPafxlivvMfGgz751-402953-02-Puma-V-S1-Metallic-Puma-White-Puma-Silver-os-1.jpg?crop=center&height=768&v=1752758581&width=768","https://www.asphaltgold.com/fr/collections/y2k-sneaker","","","",""
"Half Cab Reissue 33","","","En rupture de stock","//www.asphaltgold.com/cdn/shop/files/VN000EFM85T1-Vans-Half-Cab-Reissue-33-Frost-Gray-os-1.jpg?crop=center&height=768&v=1752750649&width=768","https://www.asphaltgold.com/fr/collections/y2k-sneaker","","","",""
"Half Cab Reissue 33","","","En rupture de stock","//www.asphaltgold.com/cdn/shop/files/VN000EFMEN61-Vans-Half-Cab-Reissue-33-Pine-Forest-Green-os-1.jpg?crop=center&height=768&v=1752750651&width=768","https://www.asphaltgold.com/fr/collections/y2k-sneaker","","","",""
"Campus 00s Beta","","","En rupture de stock","//www.asphaltgold.com/cdn/shop/files/ssRaMbQuzucbARdkqst6_JI3160-Adidas-Campus-00s-Beta-Magic-Beige-Wild-Brown-Chalky-Brown-os-1.jpg?crop=center&height=768&v=1739372699&width=768","https://www.asphaltgold.com/fr/collections/y2k-sneaker","","","",""
"Speedcat Premium","","","En rupture de stock","//www.asphaltgold.com/cdn/shop/files/8mRV9PHhtnXoTXVBMMX3_403902-03-Puma-Speedcat-Premium-Shadow-Gray-Matte-Silver-os-1.jpg?crop=center&height=768&v=1739529488&width=768","https://www.asphaltgold.com/fr/collections/y2k-sneaker","","","",""
"Speedcat OG","","","En rupture de stock","//www.asphaltgold.com/cdn/shop/files/ZvR5uqLm2GpLVcG5NBCb_398846-26-Puma-Speedcat-OG-Yellow-Alert-Puma-White-os-1.jpg?crop=center&height=768&v=1739361231&width=768","https://www.asphaltgold.com/fr/collections/y2k-sneaker","","","",""
"Speedcat OG","","","En rupture de stock","//www.asphaltgold.com/cdn/shop/files/A3oEhIL30p5GRaO1vfHF_398846-23-Puma-Speedcat-OG-Alpine-Snow-Puma-White-os-1.jpg?crop=center&height=768&v=1739361244&width=768","https://www.asphaltgold.com/fr/collections/y2k-sneaker","","","",""
"Mostro OG","","","En rupture de stock","//www.asphaltgold.com/cdn/shop/files/Nu8TLstIJPPqgIyVwNTX_397330-03-Puma-Mostro-OG-Puma-Team-Royal-Puma-Silver-os-1.jpg?crop=center&height=768&v=1739361266&width=768","https://www.asphaltgold.com/fr/collections/y2k-sneaker","","","",""
"T90","","","En rupture de stock","//www.asphaltgold.com/cdn/shop/files/RNmZ1cVeBjfdOUxGkRDm_HJ9351-600-Nike-T90-SP-Bordeaux-Metallic-Silver-Black-os-1.jpg?crop=center&height=768&v=1740059703&width=768","https://www.asphaltgold.com/fr/collections/y2k-sneaker","","","",""
"Air Zoom Spiridon SP","","","En rupture de stock","//www.asphaltgold.com/cdn/shop/files/sEl58vKbKX1N5eflQlUu_HF9117-003-Nike-Air-Zoom-Spiridon-SP-Metallic-Silver-Metallic-Silver-White-os-1.jpg?crop=center&height=768&v=1738584129&width=768","https://www.asphaltgold.com/fr/collections/y2k-sneaker","","","",""
"1000","","","En rupture de stock","//www.asphaltgold.com/cdn/shop/files/IQqfTzD3KlniptXtn1Lw_M1000LA-New-Balance-M1000LA-Black-Black-OS-1.jpg?crop=center&height=768&v=1738754153&width=768","https://www.asphaltgold.com/fr/collections/y2k-sneaker","","","",""
"Speedcat Ballet","","","En rupture de stock","//www.asphaltgold.com/cdn/shop/files/MnvLASlRhSpE33Q4qhdR_401287-02-Puma-Speedcat-Ballet-SD-Puma-Black-Mauve-Mist-os-1.jpg?crop=center&height=768&v=1737717686&width=768","https://www.asphaltgold.com/fr/collections/y2k-sneaker","","","",""
"Superstar","","","En rupture de stock","//www.asphaltgold.com/cdn/shop/files/OUzmvk0vj1y6MAaJyafJ_JH5709-Adidas-Superstar-Vintage-W-Footwear-White-Core-Black-os-1.jpg?crop=center&height=768&v=1738828483&width=768","https://www.asphaltgold.com/fr/collections/y2k-sneaker","","","",""
"Speedcat OG","","","En rupture de stock","//www.asphaltgold.com/cdn/shop/files/1mUh5OWTgLi4HN3dVQaB_398846-34-Puma-Speedcat-OG-Wild-Berry-Rose-Mauve-OS-1.jpg?crop=center&height=768&v=1737647826&width=768","https://www.asphaltgold.com/fr/collections/y2k-sneaker","","","",""
"Campus 00s Beta","","","En rupture de stock","//www.asphaltgold.com/cdn/shop/files/0V5fDjZ2Yqs8KveQetnH_JR2461-Adidas-Campus-00s-Beta-Grey-One-Footwear-White-Grey-Two-OS-1.jpg?crop=center&height=768&v=1737981630&width=768","https://www.asphaltgold.com/fr/collections/y2k-sneaker","","","",""
"Campus 00s","","","En rupture de stock","//www.asphaltgold.com/cdn/shop/files/v5OAaA5sV2h9TiFgmkke_JP9998-Adidas-Campus-00s-Cloud-White-Core-Black-Core-Black-os-1.jpg?crop=center&height=768&v=1737992024&width=768","https://www.asphaltgold.com/fr/collections/y2k-sneaker","","","",""
"Campus 00s Beta","","","En rupture de stock","//www.asphaltgold.com/cdn/shop/files/mtTT6T8RvIRFL59by6BT_IH8605-Adidas-Campus-00s-Beta-Putty-Grey-Olive-Strata-Silver-Pebble-os-1.jpg?crop=center&height=768&v=1737365205&width=768","https://www.asphaltgold.com/fr/collections/y2k-sneaker","","","",""
"Air Pegasus 2005","","","En rupture de stock","//www.asphaltgold.com/cdn/shop/files/0aNXO9lyzh1AqM2obA3I_HQ3031-001-Nike-Air-Pegasus-2005-Black-Metallic-Silver-Iron-Grey-White-os-1.jpg?crop=center&height=768&v=1737648424&width=768","https://www.asphaltgold.com/fr/collections/y2k-sneaker","","","",""
"LWST","","","En rupture de stock","//www.asphaltgold.com/cdn/shop/files/JI3133-Adidas-LWST-Core-Black-Carbon-Grey-Five-os-1.jpg?crop=center&height=768&v=1737047242&width=768","https://www.asphaltgold.com/fr/collections/y2k-sneaker","","","",""
"Campus 00s Beta W","","","En rupture de stock","//www.asphaltgold.com/cdn/shop/files/Dm9cjD1AEFUS06OMjACZ_JH5607-Adidas-Campus-00s-Beta-Clear-Pink-Cream-White-Preloved-Red-os-1.jpg?crop=center&height=768&v=1737463200&width=768","https://www.asphaltgold.com/fr/collections/y2k-sneaker","","","",""
"Campus 00s W","","","En rupture de stock","//www.asphaltgold.com/cdn/shop/files/VJxU2QCiOTSTl3vbfrVu_JQ7767-Adidas-Campus-00s-W-Footwear-White-Shadow-Brown-Chalk-White-os-1.jpg?crop=center&height=768&v=1737731310&width=768","https://www.asphaltgold.com/fr/collections/y2k-sneaker","","","",""
"Wmns Air Pegasus 2005","","","En rupture de stock","//www.asphaltgold.com/cdn/shop/files/g3SvdmumOYcoULyYokh2_HJ5271-300-Nike-Wmns-Air-Pegasus-2005-Sequoia-Light-Silver-Black-OS-1.jpg?crop=center&height=768&v=1736952980&width=768","https://www.asphaltgold.com/fr/collections/y2k-sneaker","","","",""
"Wmns Air Pegasus 2005","","","En rupture de stock","//www.asphaltgold.com/cdn/shop/files/gmRBzEvNTcMA6YoiPcpE_HJ5271-001-Nike-Wmns-Air-Pegasus-2005-Pure-Platinum-Metallic-Platinum-Wolf-Grey-os-1.jpg?crop=center&height=768&v=1736954451&width=768","https://www.asphaltgold.com/fr/collections/y2k-sneaker","","","",""
"Wmns Air Pegasus 2005","","","En rupture de stock","//www.asphaltgold.com/cdn/shop/files/s3WQGShOfedd7fCDviDV_HQ5718-103-Nike-Wmns-Air-Pegasus-2005-Summit-White-Summit-White-Photon-Dust-OS-1.jpg?crop=center&height=768&v=1736950971&width=768","https://www.asphaltgold.com/fr/collections/y2k-sneaker","","","",""
"Campus 00s W","","","En rupture de stock","//www.asphaltgold.com/cdn/shop/files/3jpztX74jMvR9kfX55PR_JH9768-Adidas-Campus-00s-W-Core-Black-Core-Black-Footwear-White-OS-1.jpg?crop=center&height=768&v=1736934097&width=768","https://www.asphaltgold.com/fr/collections/y2k-sneaker","","","",""
"Campus 00s","","","En rupture de stock","//www.asphaltgold.com/cdn/shop/files/axopYpe0zkmnAswy1Tnn_JP9996-Adidas-Campus-00s-Footwear-White-Footwear-White-Footwear-White-os-1.jpg?crop=center&height=768&v=1736934107&width=768","https://www.asphaltgold.com/fr/collections/y2k-sneaker","","","",""
"Campus 00s","","","En rupture de stock","//www.asphaltgold.com/cdn/shop/files/n5vE8XyGxpg8qIgiDKSZ_JP9995-Adidas-Campus-00s-Core-Black-Core-Black-Core-Black-OS-1.jpg?crop=center&height=768&v=1737030279&width=768","https://www.asphaltgold.com/fr/collections/y2k-sneaker","","","",""
"1000","","","En rupture de stock","//www.asphaltgold.com/cdn/shop/files/DUjPpSHXcfuTKa0fLAlW_M1000LNY-New-Balance-M1000LNY-Black-White-Silver-Metallic-OS-1.jpg?crop=center&height=768&v=1736160270&width=768","https://www.asphaltgold.com/fr/collections/y2k-sneaker","","","",""
"Campus 00s","","","En rupture de stock","//www.asphaltgold.com/cdn/shop/files/E4Y50607Zi20xmWib6CQ_JI3169-Adidas-Campus-00s-Supplier-Colour-Crystal-White-Core-Black-OS-1.jpg?crop=center&height=768&v=1736421880&width=768","https://www.asphaltgold.com/fr/collections/y2k-sneaker","","","",""
"Campus 00s","","","En rupture de stock","//www.asphaltgold.com/cdn/shop/files/Sweizw3x87pvgwJvSLLT_JI3171-Adidas-Campus-00s-Silver-Green-Crystal-White-Core-Black-os-1.jpg?crop=center&height=768&v=1736259167&width=768","https://www.asphaltgold.com/fr/collections/y2k-sneaker","","","",""
"Campus 00s","","","En rupture de stock","//www.asphaltgold.com/cdn/shop/files/Bwv5ZgviROtzoCazEhkO_JI3168-Adidas-Campus-00s-Oat-Crystal-White-Core-Black-os-1.jpg?crop=center&height=768&v=1736155581&width=768","https://www.asphaltgold.com/fr/collections/y2k-sneaker","","","",""
"Wmns Air Pegasus 2005","","","En rupture de stock","//www.asphaltgold.com/cdn/shop/files/jC323rWE11nTizua7Phc_HQ1675-700-Nike-Wmns-Air-Pegasus-2005-Volt-Metallic-Silver-Black-Pure-Platinum-os-1.jpg?crop=center&height=768&v=1734960356&width=768","https://www.asphaltgold.com/fr/collections/y2k-sneaker","","","",""
"Wmns Air Pegasus 2005","","","En rupture de stock","//www.asphaltgold.com/cdn/shop/files/hMHKqdT4pge3GD5LDadx_HQ5718-600-Nike-Wmns-Air-Pegasus-2005-Dark-Team-Red-White-Black-Pure-Platinum-OS-1.jpg?crop=center&height=768&v=1734960252&width=768","https://www.asphaltgold.com/fr/collections/y2k-sneaker","","","",""
"Campus 00s W","","","En rupture de stock","//www.asphaltgold.com/cdn/shop/files/4FIFN2F5UQMTb3HEobY2_JQ7784-Adidas-Campus-00s-W-Crystal-White-Core-White-Collegiate-Green-OS-1.jpg?crop=center&height=768&v=1735306233&width=768","https://www.asphaltgold.com/fr/collections/y2k-sneaker","","","",""
"Campus 00s W","","","En rupture de stock","//www.asphaltgold.com/cdn/shop/files/UYRU4AHeC1lbTMPi6KkT_JH5628-Adidas-Campus-00s-W-Wonder-Quartz-Cream-White-Wonder-Mauve-OS-1.jpg?crop=center&height=768&v=1734960048&width=768","https://www.asphaltgold.com/fr/collections/y2k-sneaker","","","",""
"Campus 00s","","","En rupture de stock","//www.asphaltgold.com/cdn/shop/files/sSMOsguZmgzta5YSFkZ2_JR8162-Adidas-Campus-00s-Olive-Strata-Cloud-White-Off-White-os-1.jpg?crop=center&height=768&v=1735295204&width=768","https://www.asphaltgold.com/fr/collections/y2k-sneaker","","","",""
"LWST","","","En rupture de stock","//www.asphaltgold.com/cdn/shop/files/GQOl46YaoY7Z8KTj0ypK_JI3132-Adidas-LWST-Onix-Shadow-Navy-Core-Black-os-1.jpg?crop=center&height=768&v=1734448583&width=768","https://www.asphaltgold.com/fr/collections/y2k-sneaker","","","",""
"Air Zoom Spiridon SP","","","En rupture de stock","//www.asphaltgold.com/cdn/shop/files/yIqMQjiXfo5K4AxkTnBy_HF9117-002-Nike-Air-Zoom-Spiridon-SP-Black-Black-Metallic-Silver-Sport-Red-os-1.jpg?crop=center&height=768&v=1734533954&width=768","https://www.asphaltgold.com/fr/collections/y2k-sneaker","","","",""
"Campus 00s","","","En rupture de stock","//www.asphaltgold.com/cdn/shop/files/QW9ADLeYkznBXM8q6i2G_JH7606-Adidas-Campus-00s-Cordura-Olive-Strata-Olive-Strata-Shadow-Olive-os-1.jpg?crop=center&height=768&v=1734096064&width=768","https://www.asphaltgold.com/fr/collections/y2k-sneaker","","","",""
"Speedcat OG","","","En rupture de stock","//www.asphaltgold.com/cdn/shop/files/0Y9Jx7LhONKfHf6EwWpF_398846-04-Puma-Speedcat-OG-Whisp-Of-Pink-Puma-White-OS-1.jpg?crop=center&height=768&v=1732543524&width=768","https://www.asphaltgold.com/fr/collections/y2k-sneaker","","","",""
"Superstar","","","En rupture de stock","//www.asphaltgold.com/cdn/shop/files/n835Jt3B8MYX91xcWHQ3_JI2026-Adidas-Superstar-82-Core-Black-Footwear-White-Core-Black-os-1.jpg?crop=center&height=768&v=1731597543&width=768","https://www.asphaltgold.com/fr/collections/y2k-sneaker","","","",""
"Stinson Evo OG","","","En rupture de stock","//www.asphaltgold.com/cdn/shop/files/gwvrAs4TP5W3ZTxhZtnQ_1155350-AFC-Hoka-One-One-Stinson-Evo-OG-Aubergine-Fuchsia-Anthracite-os-1.jpg?crop=center&height=768&v=1730904835&width=768","https://www.asphaltgold.com/fr/collections/y2k-sneaker","","","",""
"Half Cab Reissue 33","","","En rupture de stock","//www.asphaltgold.com/cdn/shop/files/mMGkw2Tpw7YMoSDGBf69_VN000CXJDDQ1-Vans-Premium-Half-Cab-Reissue-33-Hairy-Suede-Ginger-OS-1.jpg?crop=center&height=768&v=1729778162&width=768","https://www.asphaltgold.com/fr/collections/y2k-sneaker","","","",""
"Half Cab Reissue 33","","","En rupture de stock","//www.asphaltgold.com/cdn/shop/files/EhZo39mVZoEGNEn4StTP_VN000D53WRG1-Vans-OTW-Half-Cab-Reissue-33-Warm-Grey-os-1.jpg?crop=center&height=768&v=1727103759&width=768","https://www.asphaltgold.com/fr/collections/y2k-sneaker","","","",""
"U8040","","","En rupture de stock","//www.asphaltgold.com/cdn/shop/files/eeTJuGg21CQ6014VQ094_U8040UOB-New-Balance-U8040UOB-Phantom-os-1.jpg?crop=center&height=768&v=1727103183&width=768","https://www.asphaltgold.com/fr/collections/y2k-sneaker","","","",""
"Campus 00s","","","En rupture de stock","//www.asphaltgold.com/cdn/shop/files/2Y7rcV8TLK1oYpVtoH9K_ID1418-Adidas-Campus-00s-Olive-Strata-Dark-Brown-Cloud-White-os-1_36fc168c-be1f-4c67-832f-5a092e0bc796.jpg?crop=center&height=768&v=1726154570&width=768","https://www.asphaltgold.com/fr/collections/y2k-sneaker","","","",""
"Superstar Millenium","","","En rupture de stock","//www.asphaltgold.com/cdn/shop/files/be86a6b1409b17db98997f6a1f276041257abed0_Adidas_Superstar_MN_Footwear_White_Core_Black_Core_Black_os_1.jpg?crop=center&height=768&v=1732524049&width=768","https://www.asphaltgold.com/fr/collections/y2k-sneaker","","","",""
"Speedcat OG","","","En rupture de stock","//www.asphaltgold.com/cdn/shop/files/qeuPxr9NLa9RRLydq60Z_398846-02-Puma-Speedcat-OG-For-All-Time-Red-Puma-White-os-1_c5f3b756-0da4-4e08-b7a0-62cc94e4e81c.jpg?crop=center&height=768&v=1726153225&width=768","https://www.asphaltgold.com/fr/collections/y2k-sneaker","","","",""
"Campus 00s","","","En rupture de stock","//www.asphaltgold.com/cdn/shop/files/21d45302cdc38be95be6e0e3a3331c8567b39a29_IF8761_Adidas_Campus_00s_Chalk_White_Core_Black_Off_White_os_1_5c5bcb07-a7bc-476e-b650-40ca1ed23217.jpg?crop=center&height=768&v=1732519122&width=768","https://www.asphaltgold.com/fr/collections/y2k-sneaker","","","",""
"Gazelle Bold W","","","En rupture de stock","//www.asphaltgold.com/cdn/shop/files/6da3f7763ce823fadd9c0bf12f83240f1b3e0a9c_IE0420_Adidas_Gazelle_Bold_W_True_Pink_Green_Cloud_White_os_1_0d337e31-cbd9-4b6c-a87f-7544a259bb4d.jpg?crop=center&height=768&v=1755157921&width=768","https://www.asphaltgold.com/fr/collections/y2k-sneaker","","","",""
"Speedcat Ballet","","","En rupture de stock","//www.asphaltgold.com/cdn/shop/files/8HDtXy0DvEUrjQE4n9LR-406758-01-Puma-Speedcat-Ballet-SD-Cafe-Prairie-Tan-Warm-White-os-1.jpg?crop=center&height=768&v=1758285863&width=768","https://www.asphaltgold.com/fr/collections/y2k-sneaker","","","",""
"Suede Vamp Skate Sneaker","","","En rupture de stock","//www.asphaltgold.com/cdn/shop/files/TR6fLafzL5A9snI36oBN-ERL11SH02-1-ERL-Suede-Vamp-Skate-Sneaker-Mud-os-1.jpg?crop=center&height=768&v=1758199816&width=768","https://www.asphaltgold.com/fr/collections/y2k-sneaker","","","",""
"Corduroy Vamp Skate Sneaker","","","En rupture de stock","//www.asphaltgold.com/cdn/shop/files/ue6y8qRo1irjdDLY6bI5-ERL11SH01-1-Salomon-Corduroy-Vamp-Skate-Sneaker-Pirate-Black-os-1.jpg?crop=center&height=768&v=1758202939&width=768","https://www.asphaltgold.com/fr/collections/y2k-sneaker","","","",""
"Speedcat Elevated","","","En rupture de stock","//www.asphaltgold.com/cdn/shop/files/4BDx512ZPVEw7ceA8yBX-403619-01-Puma-Speedcat-Elevated-Wmns-Warm-White-Ice-Coffee-os-1.jpg?crop=center&height=768&v=1758116412&width=768","https://www.asphaltgold.com/fr/collections/y2k-sneaker","","","",""
"Speedcat Metallic","","","En rupture de stock","//www.asphaltgold.com/cdn/shop/files/9bOXE14wTCIHXKJkNeyt-403689-02-Puma-Speedcat-Metallic-Puma-Black-Warm-White-os-1.jpg?crop=center&height=768&v=1758116449&width=768","https://www.asphaltgold.com/fr/collections/y2k-sneaker","","","",""
"Speedcat Metallic","","","En rupture de stock","//www.asphaltgold.com/cdn/shop/files/pzmoEENJ4M03md5epX6r-403689-01-Puma-Speedcat-Metallic-Puma-Silver-Puma-Black-os-1.jpg?crop=center&height=768&v=1758116426&width=768","https://www.asphaltgold.com/fr/collections/y2k-sneaker","","","",""
"Mostro XC GTX","","","En rupture de stock","//www.asphaltgold.com/cdn/shop/files/qYorkj4hugmDn6eqOyTe-402957-01-Puma-Mostro-XC-GTX-Puma-Black-Midnigth-Plum-os-1.jpg?crop=center&height=768&v=1758026897&width=768","https://www.asphaltgold.com/fr/collections/y2k-sneaker","","","",""
"Air Pegasus 2005","","","En rupture de stock","//www.asphaltgold.com/cdn/shop/files/jGOPAj06lHOOnPEYX8Bs-IB2982-001-Nike-Air-Pegasus-2005-SE-Seafoam-Fauna-Brown-Pale-Ivory-os-1.jpg?crop=center&height=768&v=1758033328&width=768","https://www.asphaltgold.com/fr/collections/y2k-sneaker","","","",""
"Speedcat Ballet","","","En rupture de stock","//www.asphaltgold.com/cdn/shop/files/CFRsI8oc3aqSJHeJR35A-404395-01-Puma-x-ROS_C3_89-Speedcat-Ballet-SD-Warm-White-Puma-Black-Frosty-Pink-os-1.jpg?crop=center&height=768&v=1756995025&width=768","https://www.asphaltgold.com/fr/collections/y2k-sneaker","","","",""
"V-S1","","","En rupture de stock","//www.asphaltgold.com/cdn/shop/files/xcCt2lWK7KK0rwn36Ttx-403848-01-Puma-x-Kidsuper-V-S1-Archive-Green-Puma-White-os-1.jpg?crop=center&height=768&v=1756993610&width=768","https://www.asphaltgold.com/fr/collections/y2k-sneaker","","","",""
"Speedcat Premium","","","En rupture de stock","//www.asphaltgold.com/cdn/shop/files/XtZIjJHBVvluXNim8mOQ-403902-02-Puma-Speedcat-Premium-Cool-Light-Gray-Matte-Silver-os-1.jpg?crop=center&height=768&v=1756995858&width=768","https://www.asphaltgold.com/fr/collections/y2k-sneaker","","","",""
"Speedcat Go","","","En rupture de stock","//www.asphaltgold.com/cdn/shop/files/pZ5PEWtXpAut7WBOn4Fw-403589-08-Puma-Speedcat-Go-Wmns-Chocolate-Alpine-Snow-os-1.jpg?crop=center&height=768&v=1756993623&width=768","https://www.asphaltgold.com/fr/collections/y2k-sneaker","","","",""
"Speedcat PRM","","","En rupture de stock","//www.asphaltgold.com/cdn/shop/files/xHp6zMn1dYzFkM6Pn1r2-404391-01-Puma-x-ROS_C3_89-Speedcat-Lea-Puma-Black-Warm-White-os-1.jpg?crop=center&height=768&v=1756989074&width=768","https://www.asphaltgold.com/fr/collections/y2k-sneaker","","","",""
"Speedcat Lea","","","En rupture de stock","//www.asphaltgold.com/cdn/shop/files/pkIFRZdnnvesGf79fDEg-404390-01-Puma-x-ROS_C3_89-Speedcat-Lea-Warm-White-Puma-Black-os-1.jpg?crop=center&height=768&v=1756989062&width=768","https://www.asphaltgold.com/fr/collections/y2k-sneaker","","","",""
"Mostro Unlined","","","En rupture de stock","//www.asphaltgold.com/cdn/shop/files/3SVRNSWVl90Ou1GvQsGs-403174-02-Puma-Mostro-Unlined-Glacial-Gray-Feather-Gray-os-1.jpg?crop=center&height=768&v=1756989050&width=768","https://www.asphaltgold.com/fr/collections/y2k-sneaker","","","",""
"Mostro Unlined","","","En rupture de stock","//www.asphaltgold.com/cdn/shop/files/OPKcaEKE2s7Mziz634Vy-403174-01-Puma-Mostro-Unlined-Caramel-Latte-os-1.jpg?crop=center&height=768&v=1756995054&width=768","https://www.asphaltgold.com/fr/collections/y2k-sneaker","","","",""
"Speedcat Premium","","","En rupture de stock","//www.asphaltgold.com/cdn/shop/files/VRcdIleKGY8onUmN22Ts-403809-01-Puma-Speedcat-Seoul-Silver-Mist-Haute-Tropic-os-1.jpg?crop=center&height=768&v=1756905852&width=768","https://www.asphaltgold.com/fr/collections/y2k-sneaker","","","",""
"Sprint","","","En rupture de stock","//www.asphaltgold.com/cdn/shop/files/GfVjfyiizggCREGLyO5O-403631-02-Puma-Sprint-Metallic-Puma-Silver-Puma-Black-os-1.jpg?crop=center&height=768&v=1756474493&width=768","https://www.asphaltgold.com/fr/collections/y2k-sneaker","","","",""
"T90","","","En rupture de stock","//www.asphaltgold.com/cdn/shop/files/ZAisBCbL90BDmyf4rEHg-IH4964-663-Nike-Total-90-Pink-Foam-Black-Gum-Light-Brown-White-os-1.jpg?crop=center&height=768&v=1756906034&width=768","https://www.asphaltgold.com/fr/collections/y2k-sneaker","","","",""
"Superstar II W","","","En rupture de stock","//www.asphaltgold.com/cdn/shop/files/g6045bfYJ70zyLh6USVz-JS4010-Adidas-Superstar-II-W-Footwear-White-Core-Black-Gold-Metallic-os-1.jpg?crop=center&height=768&v=1756821771&width=768","https://www.asphaltgold.com/fr/collections/y2k-sneaker","","","",""
"1000","","","En rupture de stock","//www.asphaltgold.com/cdn/shop/files/lMPpJrlJQkRyRb0acIZm-M1000U-New-Balance-M1000U-Pink-Taffy-Silver-Metallic-Urgent-Red-os-1.jpg?crop=center&height=768&v=1756304291&width=768","https://www.asphaltgold.com/fr/collections/y2k-sneaker","","","",""
"Speedcat Premium","","","En rupture de stock","//www.asphaltgold.com/cdn/shop/files/d9fneImiO9lbLv365KyB-403902-04-Puma-Speedcat-Premium-Dark-Olive-Matte-Silver-os-1.jpg?crop=center&height=768&v=1756130031&width=768","https://www.asphaltgold.com/fr/collections/y2k-sneaker","","","",""
"Mostro Fey","","","En rupture de stock","//www.asphaltgold.com/cdn/shop/files/qVDN8u6u2l0TvUzJ5eTk-403192-02-Puma-Mostro-Fey-Studs-Dark-Jasper-Puma-Black-os-1.jpg?crop=center&height=768&v=1755868156&width=768","https://www.asphaltgold.com/fr/collections/y2k-sneaker","","","",""
"Mostro Fey","","","En rupture de stock","//www.asphaltgold.com/cdn/shop/files/XTeA1hCoew6p5s1aqF3I-403192-01-Puma-Mostro-Fey-Studs-Puma-Black-Puma-Silver-os-1.jpg?crop=center&height=768&v=1755868167&width=768","https://www.asphaltgold.com/fr/collections/y2k-sneaker","","","",""
"Speedcat OG","","","En rupture de stock","//www.asphaltgold.com/cdn/shop/files/i64Et0IwEumTI6c3P7Aw-403688-01-Puma-Speedcat-Faded-Haute-Tropic-Alpine-Snow-os-1.jpg?crop=center&height=768&v=1755868093&width=768","https://www.asphaltgold.com/fr/collections/y2k-sneaker","","","",""
"V-S2","","","En rupture de stock","//www.asphaltgold.com/cdn/shop/files/44q6Pi1OeANvrhWxnPR9-404356-01-Puma-V-S2-Spectrum-Puma-Black-iridescent-Red-os-1.jpg?crop=center&height=768&v=1755868181&width=768","https://www.asphaltgold.com/fr/collections/y2k-sneaker","","","",""
"Speedcat OG","","","En rupture de stock","//www.asphaltgold.com/cdn/shop/files/UaOWYhsCo3wNMIdg4EgO-406329-55-Puma-Speedcat-Sunny-Yellow-Puma-Black-os-1.jpg?crop=center&height=768&v=1755868072&width=768","https://www.asphaltgold.com/fr/collections/y2k-sneaker","","","",""
"1000","","","En rupture de stock","//www.asphaltgold.com/cdn/shop/files/qY6CJLyxD2b9SSxOjKch-M1000T-New-Balance-M1000T-Black-Dark-Silver-Metallic-Lime-Leaf-os-1.jpg?crop=center&height=768&v=1756302670&width=768","https://www.asphaltgold.com/fr/collections/y2k-sneaker","","","",""
"1000","","","En rupture de stock","//www.asphaltgold.com/cdn/shop/files/mF0peqD8NYRijScqM8e9-M1000S-New-Balance-M1000S-Deep-Ocean-Dark-Silver-Metallic-Mint-Flash-os-1.jpg?crop=center&height=768&v=1756302655&width=768","https://www.asphaltgold.com/fr/collections/y2k-sneaker","","","",""
"Speedcat Wine Club","","","En rupture de stock","//www.asphaltgold.com/cdn/shop/files/fKm7OXXWZ9NdE4Ycxdsr-402562-02-Puma-Speedcat-Wine-Club-Berry-Alpine-Snow-os-1.jpg?crop=center&height=768&v=1755695030&width=768","https://www.asphaltgold.com/fr/collections/y2k-sneaker","","","",""
"Speedcat Wine Club","","","En rupture de stock","//www.asphaltgold.com/cdn/shop/files/c2zzENcIz3DVrqFNyt4o-402562-01-Puma-Speedcat-Wine-Club-Chocolate-Jasmine-Flower-os-1.jpg?crop=center&height=768&v=1755695115&width=768","https://www.asphaltgold.com/fr/collections/y2k-sneaker","","","",""
"Mostro Jelly","","","En rupture de stock","//www.asphaltgold.com/cdn/shop/files/2zm9vTHUnotUMCUaRGaF-401667-02-Puma-Mostro-Jelly-Lemon-Sherbert-Puma-White-os-1.jpg?crop=center&height=768&v=1755694990&width=768","https://www.asphaltgold.com/fr/collections/y2k-sneaker","","","",""
"Mostro Jelly","","","En rupture de stock","//www.asphaltgold.com/cdn/shop/files/SupW5EDJ63GTmwOWvFNl-401667-01-Puma-Mostro-Jelly-Peacful-Blue-Puma-White-os-1.jpg?crop=center&height=768&v=1755695007&width=768","https://www.asphaltgold.com/fr/collections/y2k-sneaker","","","",""
"Speedcat Ballet","","","En rupture de stock","//www.asphaltgold.com/cdn/shop/files/grRUykqBi79vKnuiASLK-404383-01-Puma-Speedcat-Ballet-Satin-Puma-Black-Cool-Dark-Gray-os-1.jpg?crop=center&height=768&v=1755693972&width=768","https://www.asphaltgold.com/fr/collections/y2k-sneaker","","","",""
"V-S2","","","En rupture de stock","//www.asphaltgold.com/cdn/shop/files/nHmmqDmrHESpjgI0m0EE-404356-02-Puma-V-S2-Spectrum-Puma-Black-iridescent-Green-os-1.jpg?crop=center&height=768&v=1755526200&width=768","https://www.asphaltgold.com/fr/collections/y2k-sneaker","","","",""
"Predator Megaride","","","En rupture de stock","//www.asphaltgold.com/cdn/shop/files/va0FaRuVSDdgCqdReNXv-JS1555-Adidas-Predator-Megaride-Grey-Two-Grey-Four-Silver-Metallic-os-1.jpg?crop=center&height=768&v=1755251882&width=768","https://www.asphaltgold.com/fr/collections/y2k-sneaker","","","",""
"Speedcat Premium","","","En rupture de stock","//www.asphaltgold.com/cdn/shop/files/qAJMRaIVUpikDTgo2fuy-403902-07-Puma-Speedcat-Premium-Sea-Glass-Matte-Silver-os-1.jpg?crop=center&height=768&v=1755250811&width=768","https://www.asphaltgold.com/fr/collections/y2k-sneaker","","","",""
"Superstar II W","","","En rupture de stock","//www.asphaltgold.com/cdn/shop/files/aEU3tVsDJxzrJrkqvOGd-JQ6473-Adidas-Superstar-II-W-Off-White-Off-White-Core-Black-os-1.jpg?crop=center&height=768&v=1755079777&width=768","https://www.asphaltgold.com/fr/collections/y2k-sneaker","","","",""
"Superstar II W","","","En rupture de stock","//www.asphaltgold.com/cdn/shop/files/jZsKN08u62ovl2UBOwyr-HQ4913-Adidas-Superstar-II-W-Maroon-Off-White-Off-White-os-1.jpg?crop=center&height=768&v=1754316597&width=768","https://www.asphaltgold.com/fr/collections/y2k-sneaker","","","",""
"Superstar II W","","","En rupture de stock","//www.asphaltgold.com/cdn/shop/files/v8wg0x287mesLiMP4Hlg-HQ2691-Adidas-Superstar-II-W-Aluminium-Core-Black-Gum-3-os-1.jpg?crop=center&height=768&v=1754055352&width=768","https://www.asphaltgold.com/fr/collections/y2k-sneaker","","","",""
"Campus 00s","","","En rupture de stock","//www.asphaltgold.com/cdn/shop/files/mEDj7EaURLT7vXFQRZbk-JS3786-Adidas-Campus-00s-Aluminium-Off-White-Collegiate-Green-os-1.jpg?crop=center&height=768&v=1754920127&width=768","https://www.asphaltgold.com/fr/collections/y2k-sneaker","","","",""
"Campus 00s W","","","En rupture de stock","//www.asphaltgold.com/cdn/shop/files/jwYLCgJH7MnPKergb9iG-JQ5803-Adidas-Campus-00s-W-Wonder-White-Wonder-Beige-Chalk-White-os-1.jpg?crop=center&height=768&v=1754922053&width=768","https://www.asphaltgold.com/fr/collections/y2k-sneaker","","","",""
"T90","","","En rupture de stock","//www.asphaltgold.com/cdn/shop/files/X0RorfdFqoPzXlUpIqzr-IH2090-200-Nike-Total-90-PRM-Pearl-White-Shadow-Brown-Peal-White-os-1.jpg?crop=center&height=768&v=1753942338&width=768","https://www.asphaltgold.com/fr/collections/y2k-sneaker","","","",""
"Suede Moccasin","","","En rupture de stock","//www.asphaltgold.com/cdn/shop/files/PeIyW0DMhQxeQOGzJdpe-401035-01-Puma-Suede-Moccasin-Brandy-Chocotart-os-1.jpg?crop=center&height=768&v=1753348720&width=768","https://www.asphaltgold.com/fr/collections/y2k-sneaker","","","",""
"Speedcat Ballet","","","En rupture de stock","//www.asphaltgold.com/cdn/shop/files/dr9lPJEiOevEFxl9bJym-404383-03-New-Balance-Speedcat-Ballet-Satin-Silver-Mist-Warm-White-os-1.jpg?crop=center&height=768&v=1753348736&width=768","https://www.asphaltgold.com/fr/collections/y2k-sneaker","","","",""
"Speedcat Ballet","","","En rupture de stock","//www.asphaltgold.com/cdn/shop/files/dyCLYVkRqddMieqnx99W-401287-07-Puma-Speedcat-Ballet-SD-For-All-Time-Red-Puma-White-Puma-Black-os-1.jpg?crop=center&height=768&v=1753191437&width=768","https://www.asphaltgold.com/fr/collections/y2k-sneaker","","","",""
"Stan Smith Lo Pro Ballet W","","","En rupture de stock","//www.asphaltgold.com/cdn/shop/files/6WrxcqBSSd4Tfgptv9Kw-JQ6939-Adidas-Stan-Smith-Lo-Pro-Ballet-W-Core-Black-Core-Black-Core-Black-os-1.jpg?crop=center&height=768&v=1753191588&width=768","https://www.asphaltgold.com/fr/collections/y2k-sneaker","","","",""
"Campus 00s Beta","","","En rupture de stock","//www.asphaltgold.com/cdn/shop/files/5dJj9IAfJ0eduGmPpUlc-JS3790-Adidas-Campus-00s-Beta-Core-Black-Core-Black-Grey-Six-os-1.jpg?crop=center&height=768&v=1752845012&width=768","https://www.asphaltgold.com/fr/collections/y2k-sneaker","","","",""
"Mostro Fey","","","En rupture de stock","//www.asphaltgold.com/cdn/shop/files/FUNModl5W4sotTzlCD7H-403191-02-Puma-Mostro-Fey-Leather-Puma-White-os-1.jpg?crop=center&height=768&v=1753191455&width=768","https://www.asphaltgold.com/fr/collections/y2k-sneaker","","","",""
"Mostro Fey","","","En rupture de stock","//www.asphaltgold.com/cdn/shop/files/TPIaR5TK2Ml9m5qgauG8-403191-01-Puma-Mostro-Fey-Leather-Puma-Black-os-1.jpg?crop=center&height=768&v=1753191448&width=768","https://www.asphaltgold.com/fr/collections/y2k-sneaker","","","",""
"Speedcat OG","","","En rupture de stock","//www.asphaltgold.com/cdn/shop/files/QjuE7vCRq4UZxPDbkDvx-403356-01-Puma-Speedcat-Zebra-Warm-White-Puma-Black-os-1.jpg?crop=center&height=768&v=1753191469&width=768","https://www.asphaltgold.com/fr/collections/y2k-sneaker","","","",""
"1000","","","En rupture de stock","//www.asphaltgold.com/cdn/shop/files/7azdqAb3qWJKf6il4Dvt-M1000F-New-Balance-M1000F-Black-Metallic-os-1.jpg?crop=center&height=768&v=1753094300&width=768","https://www.asphaltgold.com/fr/collections/y2k-sneaker","","","",""
"T90","","","En rupture de stock","//www.asphaltgold.com/cdn/shop/files/NcOUO4Yvf5f3ogaquUIR-HQ2851-100-Nike-Total-90-White-Black-Gym-Red-os-1.jpg?crop=center&height=768&v=1753107084&width=768","https://www.asphaltgold.com/fr/collections/y2k-sneaker","","","",""
"T90","","","En rupture de stock","//www.asphaltgold.com/cdn/shop/files/JNVAnIzHqI66PEkRN2Ql-IH2090-300-Nike-Total-90-PRM-Fir-Sail-Fir-Gum-Medium-Brown-os-1.jpg?crop=center&height=768&v=1753448761&width=768","https://www.asphaltgold.com/fr/collections/y2k-sneaker","","","",""
"Campus 00s W","","","En rupture de stock","//www.asphaltgold.com/cdn/shop/files/XoWm7FohEtSRw6mB97bJ-JP6193-Adidas-Campus-00s-W-Wonder-Quarz-Chalk-White-Gum-3-os-1.jpg?crop=center&height=768&v=1752759898&width=768","https://www.asphaltgold.com/fr/collections/y2k-sneaker","","","",""
"V-S1","","","En rupture de stock","//www.asphaltgold.com/cdn/shop/files/zT2rHaMQwhJ5JWuCwUgT-402951-08-Puma-V-S1-Puma-Black-os-1.jpg?crop=center&height=768&v=1752675150&width=768","https://www.asphaltgold.com/fr/collections/y2k-sneaker","","","",""
"V-S1","","","En rupture de stock","//www.asphaltgold.com/cdn/shop/files/K0K8RWDe8xj9gngqZ8a4-402951-07-Puma-V-S1-Puma-White-os-1.jpg?crop=center&height=768&v=1752675136&width=768","https://www.asphaltgold.com/fr/collections/y2k-sneaker","","","",""
"V-S1","","","En rupture de stock","//www.asphaltgold.com/cdn/shop/files/oCksPafxlivvMfGgz751-402953-02-Puma-V-S1-Metallic-Puma-White-Puma-Silver-os-1.jpg?crop=center&height=768&v=1752758581&width=768","https://www.asphaltgold.com/fr/collections/y2k-sneaker","","","",""
"Half Cab Reissue 33","","","En rupture de stock","//www.asphaltgold.com/cdn/shop/files/VN000EFM85T1-Vans-Half-Cab-Reissue-33-Frost-Gray-os-1.jpg?crop=center&height=768&v=1752750649&width=768","https://www.asphaltgold.com/fr/collections/y2k-sneaker","","","",""
"Half Cab Reissue 33","","","En rupture de stock","//www.asphaltgold.com/cdn/shop/files/VN000EFMEN61-Vans-Half-Cab-Reissue-33-Pine-Forest-Green-os-1.jpg?crop=center&height=768&v=1752750651&width=768","https://www.asphaltgold.com/fr/collections/y2k-sneaker","","","",""
"GEL-Kayano 14","","","En rupture de stock","//www.asphaltgold.com/cdn/shop/files/1203A537-110-Asics-GEL-Kayano-14-White-Graphite-Grey-os-1.jpg?crop=center&height=768&v=1752833446&width=768","https://www.asphaltgold.com/fr/collections/y2k-sneaker","","","",""
"530","","","En rupture de stock","//www.asphaltgold.com/cdn/shop/files/w6R9eSEUvH6rpSXW1oRs-MR530SG-New-Balance-MR530SG-White-os-1.jpg?crop=center&height=768&v=1754922251&width=768","https://www.asphaltgold.com/fr/collections/y2k-sneaker","","","",""
"Logo Hoodie Zip-Up","","","En rupture de stock","//www.asphaltgold.com/cdn/shop/files/yoZEqTMRHgfd0zE5QfGb-2502099002-New-Amsterdam-Surf-Association-Logo-Hoodie-Zip-Up-Navy-Night-os-2.jpg?crop=center&height=768&v=1758180574&width=768","https://www.asphaltgold.com/fr/collections/y2k-sneaker","","","",""
"Speedcat Ballet","","","En rupture de stock","//www.asphaltgold.com/cdn/shop/files/8HDtXy0DvEUrjQE4n9LR-406758-01-Puma-Speedcat-Ballet-SD-Cafe-Prairie-Tan-Warm-White-os-1.jpg?crop=center&height=768&v=1758285863&width=768","https://www.asphaltgold.com/fr/collections/y2k-sneaker","","","",""
"GEL-Kayano 14","","","En rupture de stock","//www.asphaltgold.com/cdn/shop/files/s8pOV0Xjb0V8bI5XC244_1203A740-102-Asics-GEL-Kayano-14-White-Menthol-OS-1.jpg?crop=center&height=768&v=1750686148&width=768","https://www.asphaltgold.com/fr/collections/y2k-sneaker","","","",""
"Taekwondo W","","","En rupture de stock","//www.asphaltgold.com/cdn/shop/files/MavaZrWaU27eDgfxkLY0_JQ8209-Adidas-Taekwondo-W-Clear-Pink-Magic-Beige-Gum-3-OS-1.jpg?crop=center&height=768&v=1744895181&width=768","https://www.asphaltgold.com/fr/collections/y2k-sneaker","","","",""
"Predator Megaride","","","En rupture de stock","//www.asphaltgold.com/cdn/shop/files/MqZGw3wLbpS5fCRo1TR7_JR5567-Adidas-Predator-Megaride-Core-Black-Core-Black-Core-Black-OS-1.jpg?crop=center&height=768&v=1744895222&width=768","https://www.asphaltgold.com/fr/collections/y2k-sneaker","","","",""
"Predator Megaride","","","En rupture de stock","//www.asphaltgold.com/cdn/shop/files/Jl2FvXfhzjIokuBF7m5l_JP7121-Adidas-Predator-Megaride-Footwear-White-Core-Black-Gold-Metallic-OS-1.jpg?crop=center&height=768&v=1744895147&width=768","https://www.asphaltgold.com/fr/collections/y2k-sneaker","","","",""
"Campus 00s Beta W","","","En rupture de stock","//www.asphaltgold.com/cdn/shop/files/cO0U6fZ4GleIybUGiD7D_JH9779-Adidas-Campus-00s-Beta-W-Magic-Beige-Active-Purple-Wonder-White-OS-1.jpg?crop=center&height=768&v=1744896048&width=768","https://www.asphaltgold.com/fr/collections/y2k-sneaker","","","",""
"Campus 00s","","","En rupture de stock","//www.asphaltgold.com/cdn/shop/files/YAtYPAsVhQaQjWQ6gfp9_JI3174-Adidas-Campus-00s-Silver-Green-Off-White-Linen-Green-os-1.jpg?crop=center&height=768&v=1745926616&width=768","https://www.asphaltgold.com/fr/collections/y2k-sneaker","","","",""
"Campus 00s","","","En rupture de stock","//www.asphaltgold.com/cdn/shop/files/Daa1ngzdTXhKCR3nPFuA_JI3173-Adidas-Campus-00s-Clay-Brown-Off-White-Halivo-os-1.jpg?crop=center&height=768&v=1745934211&width=768","https://www.asphaltgold.com/fr/collections/y2k-sneaker","","","",""
"Campus 00s","","","En rupture de stock","//www.asphaltgold.com/cdn/shop/files/WIHHbLPZzlOwqIORTDFl_JI3172-Adidas-Campus-00s-Night-Indigo-Off-White-Prloin-os-1.jpg?crop=center&height=768&v=1745924703&width=768","https://www.asphaltgold.com/fr/collections/y2k-sneaker","","","",""
"Campus 00s","","","En rupture de stock","//www.asphaltgold.com/cdn/shop/files/HzrxOM7S7DK0idMhUHXZ_JI3166-Adidas-Campus-00s-Court-Purple-Footwear-White-Off-White-os-1.jpg?crop=center&height=768&v=1745934227&width=768","https://www.asphaltgold.com/fr/collections/y2k-sneaker","","","",""
"Campus 00s Beta","","","En rupture de stock","//www.asphaltgold.com/cdn/shop/files/KWaAxOSzdhyBVwCfYBPc_JI3159-Adidas-Campus-00s-Beta-Chalk-White-Footwear-White-Off-White-os-1.jpg?crop=center&height=768&v=1745924694&width=768","https://www.asphaltgold.com/fr/collections/y2k-sneaker","","","",""
"Campus 00s Beta","","","En rupture de stock","//www.asphaltgold.com/cdn/shop/files/NMemmTpCsfESV05m4IjM_JI3158-Adidas-Campus-00s-Beta-Footwear-White-Collegiate-Green-Orbit-Grey-os-1.jpg?crop=center&height=768&v=1745926744&width=768","https://www.asphaltgold.com/fr/collections/y2k-sneaker","","","",""
"Campus 00s W","","","En rupture de stock","//www.asphaltgold.com/cdn/shop/files/iBsIP28L8mrElrg4DJTI_JH7285-Adidas-Campus-00s-W-Crystal-White-Cloud-White-Half-Mint-os-1.jpg?crop=center&height=768&v=1745924564&width=768","https://www.asphaltgold.com/fr/collections/y2k-sneaker","","","",""
"Superstar II W","","","En rupture de stock","//www.asphaltgold.com/cdn/shop/files/272xA8rMfvHirIK7ZLNf_JH7756-Adidas-Superstar-II-W-Core-Black-Cloud-White-Core-Black-os-1.jpg?crop=center&height=768&v=1744717220&width=768","https://www.asphaltgold.com/fr/collections/y2k-sneaker","","","",""
"Superstar II W","","","En rupture de stock","//www.asphaltgold.com/cdn/shop/files/E0XbZCT45jD2lrkxHP7p_JH9475-Adidas-Superstar-II-W-Core-Black-Cloud-White-Core-Black-os-1.jpg?crop=center&height=768&v=1744717280&width=768","https://www.asphaltgold.com/fr/collections/y2k-sneaker","","","",""
"Campus 00s W","","","En rupture de stock","//www.asphaltgold.com/cdn/shop/files/TCTvSruUTGFn1TOggY1Q_JI2753-Adidas-Campus-00s-W-Silver-Green-Off-White-Gum-3-os-1.jpg?crop=center&height=768&v=1745583541&width=768","https://www.asphaltgold.com/fr/collections/y2k-sneaker","","","",""
"LWST","","","En rupture de stock","//www.asphaltgold.com/cdn/shop/files/VFAOTrlajMNCyw96ZHGq_JI3126-Adidas-LWST-Charcoal-Cream-White-Gum-os-1.jpg?crop=center&height=768&v=1745588377&width=768","https://www.asphaltgold.com/fr/collections/y2k-sneaker","","","",""
"Superstar II","","","En rupture de stock","//www.asphaltgold.com/cdn/shop/files/tyQptfkfIf6dZ5qh57nj_IH8659-Adidas-Superstar-II-Footwear-White-Core-Black-Footwear-White-os-1.jpg?crop=center&height=768&v=1744721973&width=768","https://www.asphaltgold.com/fr/collections/y2k-sneaker","","","",""
"Superstar II","","","En rupture de stock","//www.asphaltgold.com/cdn/shop/files/aqc4EfBe5SD6HTzjA3zQ_JI0079-Adidas-Superstar-II-Core-Black-Footwear-White-Core-Black-os-1.jpg?crop=center&height=768&v=1744722013&width=768","https://www.asphaltgold.com/fr/collections/y2k-sneaker","","","",""
"Superstar II","","","En rupture de stock","//www.asphaltgold.com/cdn/shop/files/8gpuDhrRfX3GNWGQ1bmi_JH5470-Adidas-Superstar-II-Core-Black-Core-Black-Footwear-White-os-1.jpg?crop=center&height=768&v=1744721997&width=768","https://www.asphaltgold.com/fr/collections/y2k-sneaker","","","",""
"T90","","","En rupture de stock","//www.asphaltgold.com/cdn/shop/files/57WdJ5zLpmd2gJ09BVRb_HJ9351-700-Nike-T90-SP-Dynamic-Yellow-Green-Spark-Gum-Med-Brown-OS-1.jpg?crop=center&height=768&v=1744200877&width=768","https://www.asphaltgold.com/fr/collections/y2k-sneaker","","","",""
"Camino Low Skate Mule","","","En rupture de stock","//www.asphaltgold.com/cdn/shop/files/WgN1FnToqCSObgQpGjPq_ERL10SH02-1-ERL-Camino-Low-Skate-Mule-Brown-os-1.jpg?crop=center&height=768&v=1743771893&width=768","https://www.asphaltgold.com/fr/collections/y2k-sneaker","","","",""
"Suede Vamp Skate Sneaker","","","En rupture de stock","//www.asphaltgold.com/cdn/shop/files/6Ii2W6aptQhreAZ19Qxh_ERL10SH03-3-ERL-Suede-Vamp-Skate-Sneaker-Black-os-1.jpg?crop=center&height=768&v=1743771977&width=768","https://www.asphaltgold.com/fr/collections/y2k-sneaker","","","",""
"Suede Vamp Skate Sneaker","","","En rupture de stock","//www.asphaltgold.com/cdn/shop/files/zHvXpmkJ6qKF5LyeQUB2_ERL10SH03-2-ERL-Suede-Vamp-Skate-Sneaker-Grey-os-01.jpg?crop=center&height=768&v=1743771951&width=768","https://www.asphaltgold.com/fr/collections/y2k-sneaker","","","",""
"Suede Vamp Skate Sneaker","","","En rupture de stock","//www.asphaltgold.com/cdn/shop/files/8LI68upxHpIE0jUgy3iq_ERL10SH03-1-ERL-Suede-Vamp-Skate-Sneaker-Sand-os-1.jpg?crop=center&height=768&v=1743771925&width=768","https://www.asphaltgold.com/fr/collections/y2k-sneaker","","","",""
"Half Cab Reissue 33","","","En rupture de stock","//www.asphaltgold.com/cdn/shop/files/y1eS6b5fCRil8XCq1i7f_VN000SHWBLU1-Vans-OTW-Half-Cab-33-EK-FDMT-Blue-OS-1.jpg?crop=center&height=768&v=1743515013&width=768","https://www.asphaltgold.com/fr/collections/y2k-sneaker","","","",""
"Air Zoom Spiridon SP","","","En rupture de stock","//www.asphaltgold.com/cdn/shop/files/gzb8r3YCv09o9mtAcVdP_HF9117-100-Nike-Air-Zoom-Spiridon-SP-White-Metallic-Silver-Light-Concord-os-1.jpg?crop=center&height=768&v=1743430960&width=768","https://www.asphaltgold.com/fr/collections/y2k-sneaker","","","",""
"Clogposite","","","En rupture de stock","//www.asphaltgold.com/cdn/shop/files/TmCnRmbMEScsWdMrr8LP_HF2900-300-Nike-Clogposite-Light-Army-Platinum-Violet-OS-1.jpg?crop=center&height=768&v=1743429111&width=768","https://www.asphaltgold.com/fr/collections/y2k-sneaker","","","",""
"Clogposite","","","En rupture de stock","//www.asphaltgold.com/cdn/shop/files/BPso58fRjWUkbXbCL9U8_HF2900-001-Nike-Clogposite-Ironstone-Ironstone-Safety-Orange-os-1.jpg?crop=center&height=768&v=1743429815&width=768","https://www.asphaltgold.com/fr/collections/y2k-sneaker","","","",""
"Grid Peak","","","En rupture de stock","//www.asphaltgold.com/cdn/shop/files/1uzeKAMbJSHg4D7hqxHy_S70814-13-Saucony-Grid-Peak-Fuchsia-Dove-os-1.jpg?crop=center&height=768&v=1743004751&width=768","https://www.asphaltgold.com/fr/collections/y2k-sneaker","","","",""
"Speedcat OG","","","En rupture de stock","//www.asphaltgold.com/cdn/shop/files/zqlwC2yOJ29zuGJtlCJq_401603-01-Puma-Speedcat-Leather-Puma-White-Toasted-Almond-OS-1.jpg?crop=center&height=768&v=1742997086&width=768","https://www.asphaltgold.com/fr/collections/y2k-sneaker","","","",""
"Speedcat OG","","","En rupture de stock","//www.asphaltgold.com/cdn/shop/files/RtRy99120ZgaK3tQgV8b_398846-31-Puma-Speedcat-OG--Haute-Coffee-Frosted-Ivory-OS-1.jpg?crop=center&height=768&v=1742919369&width=768","https://www.asphaltgold.com/fr/collections/y2k-sneaker","","","",""
"Stinson Evo OG","","","En rupture de stock","//www.asphaltgold.com/cdn/shop/files/EQlgK3BdNqE4WB0YDt4b_1155350-SHK-Hoka-One-One-Stinson-Evo-OG-Skyward-Blue-Hoka-Citrus-os-1.jpg?crop=center&height=768&v=1743088726&width=768","https://www.asphaltgold.com/fr/collections/y2k-sneaker","","","",""
"Speedcat OG","","","En rupture de stock","//www.asphaltgold.com/cdn/shop/files/aqLQK8je0B98225YN47l_398846-09-Puma-Speedcat-OG-Puma-Black-Mauve-Mist-OS-1.jpg?crop=center&height=768&v=1742919341&width=768","https://www.asphaltgold.com/fr/collections/y2k-sneaker","","","",""
"Mostro OG","","","En rupture de stock","//www.asphaltgold.com/cdn/shop/files/UrXTLOwmcUcSjMiFgSTA_401015-01-Puma-Mostro-Metallic-Puma-Black-Puma-Silver-OS-1.jpg?crop=center&height=768&v=1742919399&width=768","https://www.asphaltgold.com/fr/collections/y2k-sneaker","","","",""
"Speedcat OG","","","En rupture de stock","//www.asphaltgold.com/cdn/shop/files/XCoW1WzsnQYpgfuCwE58_401532-01-Puma-Speedcat---The-Neverworn-V--Dark-Myrtle-Green-Moon-OS-1.jpg?crop=center&height=768&v=1742919478&width=768","https://www.asphaltgold.com/fr/collections/y2k-sneaker","","","",""
"Mostro Fey Prm","","","En rupture de stock","//www.asphaltgold.com/cdn/shop/files/XvYYf063A2mzhVdqjJ4T_401062-02-Puma-Mostro-Fey-Prm-Warm-White-Vapor-Gray-OS-1.jpg?crop=center&height=768&v=1742919454&width=768","https://www.asphaltgold.com/fr/collections/y2k-sneaker","","","",""
"Mostro Fey Prm","","","En rupture de stock","//www.asphaltgold.com/cdn/shop/files/bjfJRdhL0VI6Jsdf3l9V_401062-01-Puma-Mostro-Fey-Prm-Puma-Black-Cool-Dark-Gray-OS-1.jpg?crop=center&height=768&v=1742919428&width=768","https://www.asphaltgold.com/fr/collections/y2k-sneaker","","","",""
"Mostro OG","","","En rupture de stock","//www.asphaltgold.com/cdn/shop/files/85IbyjXIbs9FMbWxug8z_401719-02--Puma-Ur-Mostro-Communication-Warm-WhiteLight-Straw-os-1.jpg?crop=center&height=768&v=1742574476&width=768","https://www.asphaltgold.com/fr/collections/y2k-sneaker","","","",""
"Superstar Kids","","","En rupture de stock","//www.asphaltgold.com/cdn/shop/files/l6RLdLCpQ7CIi6vQidKB_JQ2400-Adidas-x-Bape-adifom-SSTR-360-Kids-Footwear-White-Core-Black-Off-White-OS-1.jpg?crop=center&height=768&v=1742301800&width=768","https://www.asphaltgold.com/fr/collections/y2k-sneaker","","","",""
"Superstar Infant","","","En rupture de stock","//www.asphaltgold.com/cdn/shop/files/6yzwwtsjEpcpQ0E0BY72_JQ2401-Adidas-x-Bape-adifom-SSTR-360-Infant-Footwear-White-Core-Black-Gold-Metallic-OS-1.jpg?crop=center&height=768&v=1742301810&width=768","https://www.asphaltgold.com/fr/collections/y2k-sneaker","","","",""
"Speedcat GO","","","En rupture de stock","//www.asphaltgold.com/cdn/shop/files/Bp38L4iK7yiMN5VXxFkL_403589-02-Puma-Speedcat-OG-Wmns-For-All-Time-Red-Puma-White-os-1.jpg?crop=center&height=768&v=1742574377&width=768","https://www.asphaltgold.com/fr/collections/y2k-sneaker","","","",""
"Speedcat GO","","","En rupture de stock","//www.asphaltgold.com/cdn/shop/files/Gh0WIs8ThZ5Dl0o9GQlW_403589-01-Puma-Speedcat-OG-Wmns-Puma-Black-Puma-White-os-1.jpg?crop=center&height=768&v=1742574404&width=768","https://www.asphaltgold.com/fr/collections/y2k-sneaker","","","",""
"Mostro","","","En rupture de stock","//www.asphaltgold.com/cdn/shop/files/5tDY6gLI2ARGSaedVGGm_403027-01-Puma-x-A_24AP-Rocky-Mostro-Disccords-Puma-Black-Shadow-Gray-OS-1.jpg?crop=center&height=768&v=1742292631&width=768","https://www.asphaltgold.com/fr/collections/y2k-sneaker","","","",""
"Air Flightposite","","","En rupture de stock","//www.asphaltgold.com/cdn/shop/files/V1jEnqzyOJ6a4yJhIlua_FV5582-001-Nike-Air-Flightposite-Black-Black-OS-1.jpg?crop=center&height=768&v=1742308460&width=768","https://www.asphaltgold.com/fr/collections/y2k-sneaker","","","",""
"Speedcat Ballet","","","En rupture de stock","//www.asphaltgold.com/cdn/shop/files/RoEjoQ6Q70c7sQScKktW_401287-01-Puma-Speedcat-Ballet-SD-Whisp-of-Pink-Puma-White-Warm-White-os-1.jpg?crop=center&height=768&v=1741878367&width=768","https://www.asphaltgold.com/fr/collections/y2k-sneaker","","","",""
"Protoblast-CMLVIII","","","En rupture de stock","//www.asphaltgold.com/cdn/shop/files/IV8pSc4I07FNi3i4Pzx0_1203A643-200-Asics-x-Otto-958-Protoblast-CMLVIII-Dark-Brown-Pure-Gold-OS-1.jpg?crop=center&height=768&v=1741353762&width=768","https://www.asphaltgold.com/fr/collections/y2k-sneaker","","","",""
"Superstar","","","En rupture de stock","//www.asphaltgold.com/cdn/shop/files/SVemLOVI5CdE61MofE2E_JP7676-Adidas-x-Song-for-the-Mute-Superstar-82-Supplier-Color-Core-Black-Cream-White-os-1.jpg?crop=center&height=768&v=1741159614&width=768","https://www.asphaltgold.com/fr/collections/y2k-sneaker","","","",""
"Speedcat Ballet","","","En rupture de stock","//www.asphaltgold.com/cdn/shop/files/n18SfXKS9ezAAwi3d9Ce_401581-01-Puma-Speedcat-Ballet-Metallic-Puma-Silver-Puma-White-OS-1.jpg?crop=center&height=768&v=1741266366&width=768","https://www.asphaltgold.com/fr/collections/y2k-sneaker","","","",""
"Mostro Fey Launch","","","En rupture de stock","//www.asphaltgold.com/cdn/shop/files/ZkAFTPaxV0JprtuhIGHl_400378-01-Puma-Mostro-Fey-Launch-Cool-Weather-Puma-Black-OS-1.jpg?crop=center&height=768&v=1741171409&width=768","https://www.asphaltgold.com/fr/collections/y2k-sneaker","","","",""
"Speedcat Ballet","","","En rupture de stock","//www.asphaltgold.com/cdn/shop/files/9QYuIVMe5m8unVXtdbAe_403587-01-Puma-Speedcat-Ballet-Leather-Puma-White-Puma-White-Puma-Black-OS-1.jpg?crop=center&height=768&v=1741170335&width=768","https://www.asphaltgold.com/fr/collections/y2k-sneaker","","","",""
"Air Zoom Spiridon SP","","","En rupture de stock","//www.asphaltgold.com/cdn/shop/files/TCq6y6RTDR2NaZUYyUMi_HF9117-400-Nike-Air-Zoom-Spiridon-SP-Signal-Blue-Metallic-Luster-Black-White-OS-1.jpg?crop=center&height=768&v=1741184857&width=768","https://www.asphaltgold.com/fr/collections/y2k-sneaker","","","",""
"Stinson Evo OG","","","En rupture de stock","//www.asphaltgold.com/cdn/shop/files/ncbCDwihAP4eKakiakT1_1155350-OTTM-Hoka-One-One-Stinson-Evo-OG-Oat-Oat-Milk-os-1.jpg?crop=center&height=768&v=1740568928&width=768","https://www.asphaltgold.com/fr/collections/y2k-sneaker","","","",""
"Mostro OG","","","En rupture de stock","//www.asphaltgold.com/cdn/shop/files/709VuTN0NvtqroiaEimu_397330-05-Puma-Mostro-OG-For-All-Time-Red-Puma-Silver-os-1.jpg?crop=center&height=768&v=1740150412&width=768","https://www.asphaltgold.com/fr/collections/y2k-sneaker","","","",""
"Speedcat Mid","","","En rupture de stock","//www.asphaltgold.com/cdn/shop/files/zEPg3uoFtYvXghVIK3ud_400384-03-Puma-Speedcat-Mid-Rose-Quartz-Warm-White-OS-1.jpg?crop=center&height=768&v=1740150207&width=768","https://www.asphaltgold.com/fr/collections/y2k-sneaker","","","",""
"Torrent","","","En rupture de stock","//www.asphaltgold.com/cdn/shop/files/2KE9VPo2qx0oFrJYPQEz_1155115-MNTNR-Hoka-One-One-Torrent-4-Mountain-Iris-Gemstone-os-1.jpg?crop=center&height=768&v=1740036037&width=768","https://www.asphaltgold.com/fr/collections/y2k-sneaker","","","",""
"Stinson 7","","","En rupture de stock","//www.asphaltgold.com/cdn/shop/files/GEq9JuNrratcWVvtXZDj_1141530-BBLC-Hoka-One-One-Stinson-7-Black-Black-os-1.jpg?crop=center&height=768&v=1740036010&width=768","https://www.asphaltgold.com/fr/collections/y2k-sneaker","","","",""
"Mostro Fey Launch","","","En rupture de stock","//www.asphaltgold.com/cdn/shop/files/JpQv8YA1MnJc59VJtGmg_400378-02-Puma-Mostro-Fey-Launch-Dark-Amethyst-Puma-Black-OS-1.jpg?crop=center&height=768&v=1739957532&width=768","https://www.asphaltgold.com/fr/collections/y2k-sneaker","","","",""
"Air Pegasus Wave","","","En rupture de stock","//www.asphaltgold.com/cdn/shop/files/yWZ7jwQOdBMeav4WRSqF_IB2994-104-Nike-Air-Pegasus-Wave-PRM-Light-Orewood-Brown-Ashen-Slate-Phantom-Hemp-os-1.jpg?crop=center&height=768&v=1740064321&width=768","https://www.asphaltgold.com/fr/collections/y2k-sneaker","","","",""
"T90","","","En rupture de stock","//www.asphaltgold.com/cdn/shop/files/yekVcQzQD82jh8sUpAly_HJ9351-001-Nike-T90-SP-Black-White-Metallic-Silver-os-1.jpg?crop=center&height=768&v=1740059709&width=768","https://www.asphaltgold.com/fr/collections/y2k-sneaker","","","",""
"Stinson Evo OG","","","En rupture de stock","//www.asphaltgold.com/cdn/shop/files/rLwLp9TD6xKRTmy2b1pK_1155350-BLTR-Hoka-One-One-Stinson-Evo-OG-Black-Blue-os-1.jpg?crop=center&height=768&v=1739454595&width=768","https://www.asphaltgold.com/fr/collections/y2k-sneaker","","","",""
"Air Max Plus","","","En rupture de stock","//www.asphaltgold.com/cdn/shop/files/9XlRVtRmkaaxuPzp1qtw_DX0755-001-Nike-Air-Max-Plus-OG-Black-Chamois-Sky-Blue-Hypr-Blue-os-1.jpg?crop=center&height=768&v=1739532776&width=768","https://www.asphaltgold.com/fr/collections/y2k-sneaker","","","",""
"V-S2","","","En rupture de stock","//www.asphaltgold.com/cdn/shop/files/K1BZJkFtXb0hrf4cbwkA-403282-03-Puma-V-S2-Goalgetter-Puma-Aged-Silver-Puma-Black-os-1.jpg?crop=center&height=768&v=1752675172&width=768","https://www.asphaltgold.com/fr/collections/y2k-sneaker","","","",""
"V-S2","","","En rupture de stock","//www.asphaltgold.com/cdn/shop/files/GcH1xPNazSVIADoquiBc-403282-01-Puma-V-S2-Goalgetter-Puma-Silver-For-All-Time-Red-os-1.jpg?crop=center&height=768&v=1752758613&width=768","https://www.asphaltgold.com/fr/collections/y2k-sneaker","","","",""
"1000","","","En rupture de stock","//www.asphaltgold.com/cdn/shop/files/M1000C-New-Balance-M1000C-Mushroom-Shipyard-Sea-Salt-os-1.jpg?crop=center&height=768&v=1753348245&width=768","https://www.asphaltgold.com/fr/collections/y2k-sneaker","","","",""
"1000","","","En rupture de stock","//www.asphaltgold.com/cdn/shop/files/M1000B-New-Balance-M1000B-Black-Black-Cement-Castlerock-os-1.jpg?crop=center&height=768&v=1753348242&width=768","https://www.asphaltgold.com/fr/collections/y2k-sneaker","","","",""
"Superstar","","","En rupture de stock","//www.asphaltgold.com/cdn/shop/files/AzXsURe16x3pSmuIOjHf_JR6484-Adidas-x-Beams-Superstar-Core-Black-Footwear-White-Gold-Metallic-OS-1.jpg?crop=center&height=768&v=1752225967&width=768","https://www.asphaltgold.com/fr/collections/y2k-sneaker","","","",""
"V-S2","","","En rupture de stock","//www.asphaltgold.com/cdn/shop/files/vbGU4uOHv60qxJjvbcfG_403282-02-Puma-V-S2-Goalgetter-Puma-Gold-Puma-Black-os-1.jpg?crop=center&height=768&v=1752064958&width=768","https://www.asphaltgold.com/fr/collections/y2k-sneaker","","","",""
"Speedcat Ballet","","","En rupture de stock","//www.asphaltgold.com/cdn/shop/files/mUV0ql60y4LYKmTGfrmg_401287-06-Puma-Speedcat-Ballet-SD-Puma-Black-Puma-White-Warm-White-os-1.jpg?crop=center&height=768&v=1752064777&width=768","https://www.asphaltgold.com/fr/collections/y2k-sneaker","","","",""
"Superstar","","","En rupture de stock","//www.asphaltgold.com/cdn/shop/files/NXiMTrDtyv0nVhtZ8fxD_JR4422-Adidas-x-Beams-Superstar-Footwear-White-Core-Black-Gold-Metallic-os-1.jpg?crop=center&height=768&v=1752065189&width=768","https://www.asphaltgold.com/fr/collections/y2k-sneaker","","","",""
"Speedcat OG","","","En rupture de stock","//www.asphaltgold.com/cdn/shop/files/j7Im5gzxj4K24PDdhqwh_403175-02-Puma-Speedcat-Leather-Puma-Black-Puma-White-OS-1.jpg?crop=center&height=768&v=1752064920&width=768","https://www.asphaltgold.com/fr/collections/y2k-sneaker","","","",""
"Mostro OG","","","En rupture de stock","//www.asphaltgold.com/cdn/shop/files/ZA4vsMaUaEtevp19sOIL_401720-02-Puma-UR-Mostro-Puma-White-Dark-Crimson-OS-1.jpg?crop=center&height=768&v=1752064877&width=768","https://www.asphaltgold.com/fr/collections/y2k-sneaker","","","",""
"Mostro OG","","","En rupture de stock","//www.asphaltgold.com/cdn/shop/files/TfoJnZ7lwpJ18J625t0m_401720-01-Puma-UR-Mostro-Warm-White-Puma-Black-OS-1.jpg?crop=center&height=768&v=1752064838&width=768","https://www.asphaltgold.com/fr/collections/y2k-sneaker","","","",""
"Y-3 Regu","","","En rupture de stock","//www.asphaltgold.com/cdn/shop/files/ml4lyESHmaxnvqxnDx5j_JR3600-Adidas-Y-3-Regu-2002-Black-Aluminium-Aluminium-os-1.jpg?crop=center&height=768&v=1751378664&width=768","https://www.asphaltgold.com/fr/collections/y2k-sneaker","","","",""
"Y-3 Regu","","","En rupture de stock","//www.asphaltgold.com/cdn/shop/files/V6iv7Q3qGW5oQsxT1qhP_JQ8824-Adidas-Y-3-Regu-2002-Orbit-Grey-Collegiate-Burgundy-Black-os-1.jpg?crop=center&height=768&v=1751378569&width=768","https://www.asphaltgold.com/fr/collections/y2k-sneaker","","","",""
"Y-3 Regu Hi","","","En rupture de stock","//www.asphaltgold.com/cdn/shop/files/TB4JYGp2yrMnqQKZOAAW_JQ8846-Adidas-Y-3-Regu-2002-Hi-Orbit-Grey-Aluminium-Cream-White-os-1.jpg?crop=center&height=768&v=1751457112&width=768","https://www.asphaltgold.com/fr/collections/y2k-sneaker","","","",""
"Y-3 Regu Hi","","","En rupture de stock","//www.asphaltgold.com/cdn/shop/files/vix63Fwbcv47FqPXaLbb_JQ8845-Adidas-Y-3-Regu-2002-Hi-Black-Black-Black-os-1.jpg?crop=center&height=768&v=1751378601&width=768","https://www.asphaltgold.com/fr/collections/y2k-sneaker","","","",""
"Mega Ghostride W","","","En rupture de stock","//www.asphaltgold.com/cdn/shop/files/hPo5xZFQP6VtSLKTpiAg_JQ0555-Adidas-Mega-Ghostride-W-Footwear-White-Silver-Metallic-Metallic-Silver-OS-1.jpg?crop=center&height=768&v=1751370153&width=768","https://www.asphaltgold.com/fr/collections/y2k-sneaker","","","",""
"Talon OG","","","En rupture de stock","//www.asphaltgold.com/cdn/shop/files/qq3RX1Zq2u1bZxveYK1c_402955-04-Puma-Talon-OG-Puma-Black-Flat-Light-Gray-os-1.jpg?crop=center&height=768&v=1751378492&width=768","https://www.asphaltgold.com/fr/collections/y2k-sneaker","","","",""
"Speedcat OG","","","En rupture de stock","//www.asphaltgold.com/cdn/shop/files/94j8T6F2Gh8Fho08oCXA_403175-01-Puma-Speedcat-Leather-Puma-White-Puma-Black-os-1.jpg?crop=center&height=768&v=1751032560&width=768","https://www.asphaltgold.com/fr/collections/y2k-sneaker","","","",""
"Speedcat OG","","","En rupture de stock","//www.asphaltgold.com/cdn/shop/files/gZFSlvAygT5GuFpZpllZ_402995-03-Puma-Speedcat-Plus-Warm-White-Puma-White-os-1.jpg?crop=center&height=768&v=1751032522&width=768","https://www.asphaltgold.com/fr/collections/y2k-sneaker","","","",""
"Superstar","","","En rupture de stock","//www.asphaltgold.com/cdn/shop/files/QG5Hjomu8KYYMDq3iulc_JR1520-Adidas-x-Lione-Messi-x-Inter-Miami-CF-Superstar-Light-Pink-Core-Black-Gold-Metallic-OS-1.jpg?crop=center&height=768&v=1751621627&width=768","https://www.asphaltgold.com/fr/collections/y2k-sneaker","","","",""
"Speedcat OG","","","En rupture de stock","//www.asphaltgold.com/cdn/shop/files/jXAH1Dl9Z7CyFjbsOTU5_403688-02-Puma-Speedcat-Faded-_28Cool-Cucumber-Alpine-Snow-os-1.jpg?crop=center&height=768&v=1751032589&width=768","https://www.asphaltgold.com/fr/collections/y2k-sneaker","","","",""
"Speedcat OG","","","En rupture de stock","//www.asphaltgold.com/cdn/shop/files/V3g0aZjE14U3VetBBQAm_398846-50-Puma-Speedcat-OG-Orange-Glo-Poised-Pink-os-1.jpg?crop=center&height=768&v=1751032474&width=768","https://www.asphaltgold.com/fr/collections/y2k-sneaker","","","",""
"Shox Ride 2","","","En rupture de stock","//www.asphaltgold.com/cdn/shop/files/5tXdNrTGomwZPs77rq7w_IH3356-010-Nike-Shox-Ride-2-PRM-Black-Bright-Cactus-Cyber-Volt-os-1.jpg?crop=center&height=768&v=1750930862&width=768","https://www.asphaltgold.com/fr/collections/y2k-sneaker","","","",""
"Torrent","","","En rupture de stock","//www.asphaltgold.com/cdn/shop/files/dc44ysdikPJHFABfYz4w_1155115-PTYB-HOKA-Torrent-4-Putty-Blue-Twilight-os-1.jpg?crop=center&height=768&v=1751458314&width=768","https://www.asphaltgold.com/fr/collections/y2k-sneaker","","","",""
"Wmns T90","","","En rupture de stock","//www.asphaltgold.com/cdn/shop/files/n8XMcChcluqxWdwg6lKA_II9792-011-Nike-Wmns-T90-Metallic-Platinum-Photon-Dust-OS-1.jpg?crop=center&height=768&v=1750837958&width=768","https://www.asphaltgold.com/fr/collections/y2k-sneaker","","","",""
"Wmns T90","","","En rupture de stock","//www.asphaltgold.com/cdn/shop/files/FZsGU3i8GC2wh1ClD39b_IB5666-100-Nike-Wmns-T90-White-Black-White-Metallic-Gold-OS-1.jpg?crop=center&height=768&v=1750837930&width=768","https://www.asphaltgold.com/fr/collections/y2k-sneaker","","","",""
"T90","","","En rupture de stock","//www.asphaltgold.com/cdn/shop/files/5dtikTbdK4AnugvWkFba_HQ2851-400-Nike-Total-90-Universiry-Blue-WhiteVast-Grey-OS-1.jpg?crop=center&height=768&v=1750162307&width=768","https://www.asphaltgold.com/fr/collections/y2k-sneaker","","","",""
"Wmns T90","","","En rupture de stock","//www.asphaltgold.com/cdn/shop/files/k4FD8vR1Gqq0smcEogj6_IB4204-100-Nike-Wmns-Total-90-SE-Pale-Ivory-Black-Pale-Ivory-Black-OS-1.jpg?crop=center&height=768&v=1750162385&width=768","https://www.asphaltgold.com/fr/collections/y2k-sneaker","","","",""
"Wmns T90","","","En rupture de stock","//www.asphaltgold.com/cdn/shop/files/4uKyWZc3DRiHgIAVDZLO_IB4204-600-Nike-Wmns-Total-90-SE-Fire-Red-Pale-Ivory-Pale-Ivory-Black-OS-1.jpg?crop=center&height=768&v=1750162410&width=768","https://www.asphaltgold.com/fr/collections/y2k-sneaker","","","",""
"Air Flightposite","","","En rupture de stock","//www.asphaltgold.com/cdn/shop/files/QqEcEVe70we8Xv8hQZ9w_HJ4466-001-Nike-Air-Flightposite-QS--Dusty-Cactus--Off-Noir-White-Dusty-Cactus-OS-1.jpg?crop=center&height=768&v=1750080956&width=768","https://www.asphaltgold.com/fr/collections/y2k-sneaker","","","",""
"Speedcat Ballet","","","En rupture de stock","//www.asphaltgold.com/cdn/shop/files/Mm5y5iJIkxTCMUze5eez_403587-03-Puma-Speedcat-Ballet-Leather-Puma-Black-Puma-White-OS-1.jpg?crop=center&height=768&v=1749208421&width=768","https://www.asphaltgold.com/fr/collections/y2k-sneaker","","","",""
"Speedcat Ballet","","","En rupture de stock","//www.asphaltgold.com/cdn/shop/files/1TTHWwdftnQydku3FfKV_403587-02-Puma-Speedcat-Ballet-Leather-Puma-White-Alpine-Snow-OS-1.jpg?crop=center&height=768&v=1749208394&width=768","https://www.asphaltgold.com/fr/collections/y2k-sneaker","","","",""
"Campus 00s W","","","En rupture de stock","//www.asphaltgold.com/cdn/shop/files/ztbzPcrzmYAJ4OAnstVk_JQ8289-Adidas-Campus-00s-W-Cardboard-Off-White-Dark-Brown-OS-1.jpg?crop=center&height=768&v=1749042137&width=768","https://www.asphaltgold.com/fr/collections/y2k-sneaker","","","",""
"Mega Ghostride W","","","En rupture de stock","//www.asphaltgold.com/cdn/shop/files/xAW0wbnuRkJciCF8bK2l_JR4742-Adidas-Mega-Ghostride-W-Off-White-Off-White-Better-Scarlet-OS-1.jpg?crop=center&height=768&v=1748946784&width=768","https://www.asphaltgold.com/fr/collections/y2k-sneaker","","","",""
"Mostro","","","En rupture de stock","//www.asphaltgold.com/cdn/shop/files/bM01EDybv5KaRqEgMzcV_403823-02-Puma-x-JJJJound-Mostro-Dark-Chocolate-OS-1.jpg?crop=center&height=768&v=1748957556&width=768","https://www.asphaltgold.com/fr/collections/y2k-sneaker","","","",""
"Mostro","","","En rupture de stock","//www.asphaltgold.com/cdn/shop/files/bHGV5WSJyk8EPYEB4AoP_403823-03-Puma-x-JJJJound-Mostro-Deep-Navy-OS-1.jpg?crop=center&height=768&v=1748957563&width=768","https://www.asphaltgold.com/fr/collections/y2k-sneaker","","","",""
"Superstar","","","En rupture de stock","//www.asphaltgold.com/cdn/shop/files/5t6Yy0a2y15Sg6UkrChk_JQ3254-Adidas-Superstar-Vintage-Cloud-White-Core-Black-Cream-White-os-1.jpg?crop=center&height=768&v=1748861807&width=768","https://www.asphaltgold.com/fr/collections/y2k-sneaker","","","",""
"Half Cab Reissue 33","","","En rupture de stock","//www.asphaltgold.com/cdn/shop/files/OfiqgOxTSU0AjVfFosCD_VN000EFYBLA1-Vans-OTW-Half-Cab-33-NBHD-Black-OS-1.jpg?crop=center&height=768&v=1749047443&width=768","https://www.asphaltgold.com/fr/collections/y2k-sneaker","","","",""
"Mostro","","","En rupture de stock","//www.asphaltgold.com/cdn/shop/files/lVdvmkLBpQIGorPsMoRJ_401540-01-Puma-Mostro-Camo-Light-Sand-Espresso-Brown-os-1.jpg?crop=center&height=768&v=1747993310&width=768","https://www.asphaltgold.com/fr/collections/y2k-sneaker","","","",""
"Taekwondo W","","","En rupture de stock","//www.asphaltgold.com/cdn/shop/files/J5ZNi7022JWR0a1qcMNS_JS4527-Adidas-Taekwondo-W-Off-White-Noble-Maroon-Gum-3-os-1.jpg?crop=center&height=768&v=1747829066&width=768","https://www.asphaltgold.com/fr/collections/y2k-sneaker","","","",""
"Taekwondo W","","","En rupture de stock","//www.asphaltgold.com/cdn/shop/files/2SBiZBIyOLs6m7Wk3JnG_JS4526-Adidas-Taekwondo-W-Collegiate-Green-Off-White-Gum-3-os-1.jpg?crop=center&height=768&v=1747829052&width=768","https://www.asphaltgold.com/fr/collections/y2k-sneaker","","","",""
"Mostro Craft","","","En rupture de stock","//www.asphaltgold.com/cdn/shop/files/4dLVR8cS7ZPlj2KzfewP_401318-02-Puma-x-Aries-Mostro-Craft-Mahogany-Teak-os-1.jpg?crop=center&height=768&v=1747316598&width=768","https://www.asphaltgold.com/fr/collections/y2k-sneaker","","","",""
"Mostro Craft","","","En rupture de stock","//www.asphaltgold.com/cdn/shop/files/1vyuzFNNbpLpe652FKt7_401318-01-Puma-x-Aries-Mostro-Craft-Ecru-Mouse-Gray-os-1.jpg?crop=center&height=768&v=1747316555&width=768","https://www.asphaltgold.com/fr/collections/y2k-sneaker","","","",""
"Air Pegasus 2005","","","En rupture de stock","//www.asphaltgold.com/cdn/shop/files/LbFTVREDxcpvlbXE8r5S_IB2983-001-Nike-Air-Pegasus-2005-SE-Platinum-Tint-Metallic-Platinum-os-1.jpg?crop=center&height=768&v=1747140434&width=768","https://www.asphaltgold.com/fr/collections/y2k-sneaker","","","",""
"Air Pegasus 2005","","","En rupture de stock","//www.asphaltgold.com/cdn/shop/files/JAZd00AbGBmB944R3aoI_IB2983-100-Nike-Air-Pegasus-2005-SE-Light-Orewood-Brown-Light-Orewood-Brown-os-1.jpg?crop=center&height=768&v=1747140361&width=768","https://www.asphaltgold.com/fr/collections/y2k-sneaker","","","",""
"Air Pegasus 2005","","","En rupture de stock","//www.asphaltgold.com/cdn/shop/files/eVk1P5Fw8FB5I4SB2Bdw_HQ5403-003-Nike-Air-Pegasus-2005-Phantom-Ironstone-College-Grey-Black-os-1.jpg?crop=center&height=768&v=1747140401&width=768","https://www.asphaltgold.com/fr/collections/y2k-sneaker","","","",""
"Wmns Shox R4","","","En rupture de stock","//www.asphaltgold.com/cdn/shop/files/xGPG0GuoXH19QmqBcPQP_HV0934-002-Nike-Wmns-Shox-R4-Black-Dark-Smoke-Grey-os-1.jpg?crop=center&height=768&v=1747140572&width=768","https://www.asphaltgold.com/fr/collections/y2k-sneaker","","","",""
"Superstar Hi","","","En rupture de stock","//www.asphaltgold.com/cdn/shop/files/ooHuVnGmwaOLlCFKUJ9s_JR0217-Adidas-x-Wales-Bonner-Superstar-Hi-Supplier-Color-Wonder-White-Gold-Metallic-os-1.jpg?crop=center&height=768&v=1747220211&width=768","https://www.asphaltgold.com/fr/collections/y2k-sneaker","","","",""
"Superstar Hi","","","En rupture de stock","//www.asphaltgold.com/cdn/shop/files/ojRMxZAm0J83G5H63jmU_JQ7633-Adidas-x-Wales-Bonner-Superstar-Hi-Mist-Stone-Wonder-White-Gold-Metallic-os-1.jpg?crop=center&height=768&v=1747220203&width=768","https://www.asphaltgold.com/fr/collections/y2k-sneaker","","","",""
"Air Zoom Spiridon SP","","","En rupture de stock","//www.asphaltgold.com/cdn/shop/files/AFIYIX6JHoJ4wsiUozXn_HF9117-101-Nike-Air-Zoom-Spiridon-S-White-Metallic-Silver-Deep-Royal-Blue-White-os-1.jpg?crop=center&height=768&v=1746794862&width=768","https://www.asphaltgold.com/fr/collections/y2k-sneaker","","","",""
"Wmns T90","","","En rupture de stock","//www.asphaltgold.com/cdn/shop/files/RtNyJfNQORNJXVdS6dTN_IH2314-002-Nike-Wmns-T90-Black-Coconut-Milk-Gum-Dark-Brown-Anthracite-os-1.jpg?crop=center&height=768&v=1746606832&width=768","https://www.asphaltgold.com/fr/collections/y2k-sneaker","","","",""
"Air Max Plus","","","En rupture de stock","//www.asphaltgold.com/cdn/shop/files/c3aXmso10WUxZEfvIrgN_HV2323-400-Nike-Air-Max-Plus-Eclair-Lightning-Midnight-Navy-Midnight-Navy-Salsa-Red-os-1.jpg?crop=center&height=768&v=1746625212&width=768","https://www.asphaltgold.com/fr/collections/y2k-sneaker","","","",""
"Speedcat Premium","","","En rupture de stock","//www.asphaltgold.com/cdn/shop/files/CQN8QkcPiCNV1sA2Csbr_403902-01-Puma-Speedcat-Premium-Frosted-Ivory-Matte-Silver-os-1.jpg?crop=center&height=768&v=1746541150&width=768","https://www.asphaltgold.com/fr/collections/y2k-sneaker","","","",""
"Mostro Leather","","","En rupture de stock","//www.asphaltgold.com/cdn/shop/files/7UddGvpP80Jo2J1wYWAh_402273-02-Puma-Mostro-Leather-Frosted-Ivory-os-1.jpg?crop=center&height=768&v=1746541055&width=768","https://www.asphaltgold.com/fr/collections/y2k-sneaker","","","",""
"Mostro Leather","","","En rupture de stock","//www.asphaltgold.com/cdn/shop/files/G7bnXJcD3SGmhsGBbwLG_402273-01-Puma-Mostro-Leather-Puma-Black-os-1.jpg?crop=center&height=768&v=1746540974&width=768","https://www.asphaltgold.com/fr/collections/y2k-sneaker","","","",""
"Mostro","","","En rupture de stock","//www.asphaltgold.com/cdn/shop/files/oTayWrhU35JueRuuwydn_397328-08-Puma-Mostro-Ecstasy-Pink-Fruit-Puma-White-os-1.jpg?crop=center&height=768&v=1746191123&width=768","https://www.asphaltgold.com/fr/collections/y2k-sneaker","","","",""
"Mostro","","","En rupture de stock","//www.asphaltgold.com/cdn/shop/files/69uYd5hIGe8gkuPeT9WM_397328-07-Puma-Mostro-Ecstasy-Fresh-Mint-Puma-White-os-1.jpg?crop=center&height=768&v=1746191114&width=768","https://www.asphaltgold.com/fr/collections/y2k-sneaker","","","",""
"Speedcat OG","","","En rupture de stock","//www.asphaltgold.com/cdn/shop/files/exWZUEamtI87cn5Y7Fi1_401603-02-Puma-Speedcat-Lth-Puma-White-Puma-White-os-1.jpg?crop=center&height=768&v=1746540722&width=768","https://www.asphaltgold.com/fr/collections/y2k-sneaker","","","",""
"Speedcat TTF","","","En rupture de stock","//www.asphaltgold.com/cdn/shop/files/7qvPizYAZEuzmoGfw3Lw_403903-02-Puma-Speedcat-TTF-Prairie-Tan-Frosted-Ivory-os-1.jpg?crop=center&height=768&v=1746541250&width=768","https://www.asphaltgold.com/fr/collections/y2k-sneaker","","","",""
"V-S1","","","En rupture de stock","//www.asphaltgold.com/cdn/shop/files/q23DfPZbpcULGCAgvTpf_402953-03-Puma-V-S1-Metallic-Shadow-Gray-Puma-Black-os-1.jpg?crop=center&height=768&v=1746541082&width=768","https://www.asphaltgold.com/fr/collections/y2k-sneaker","","","",""